setting,class,state,action,exposure,support,outside,eig,eig_ref,error,error_support,error_quadrature,support_ref,outside_ref
bulk,f1,prior,1.0,0.7789875198601173,73,2.4424906541753444e-15,0.14436883813861967,0.14436883813863766,-1.7985612998927536e-14,-1.709743457922741e-14,-8.881784197001252e-16,1000000,1.9984014443252818e-15
bulk,f1,prior,2.5,1.9474687996502933,83,7.807641200230364e-10,0.2755349524120889,0.27553497088638956,-1.847430064483291e-08,-1.8474299201542976e-08,-1.4432899320127035e-15,1000000,3.552713678800501e-15
bulk,f1,prior,5.0,3.8949375993005866,195,2.4038659951486352e-11,0.41863831335635027,0.41863831402473406,-6.683837927567993e-10,-6.683817943553549e-10,-1.9984014443252818e-15,1000000,7.105427357601002e-15
bulk,f1,prior,10.0,7.789875198601173,509,6.861178292183467e-14,0.6013866283927063,0.6013866283945162,-1.8098855747439302e-12,-1.8074430840897548e-12,-2.4424906541753444e-15,1000000,1.7763568394002505e-14
bulk,f1,prior,20.0,15.579750397202346,749,2.634270579449094e-11,0.822252724336678,0.8222527251023974,-7.657194878163409e-10,-7.657159351026621e-10,-3.552713678800501e-15,1000000,6.328271240363392e-15
bulk,f1,prior,40.0,31.159500794404693,1225,6.974820720984098e-10,1.077274151172229,1.0772741696338568,-1.846162778207372e-08,-1.846162334118162e-08,-4.440892098500626e-15,1000000,-1.6653345369377348e-14
bulk,f1,posterior,1.0,0.7789875198601173,70,1.2212453270876722e-15,0.07464569150537848,0.0746456915053792,-7.216449660063518e-16,0.0,-7.216449660063518e-16,1000000,1.3322676295501878e-15
bulk,f1,posterior,2.5,1.9474687996502933,75,3.774758283725532e-15,0.16051995288228282,0.16051995288228427,-1.4432899320127035e-15,-3.3306690738754696e-16,-1.1102230246251565e-15,1000000,3.4416913763379853e-15
bulk,f1,posterior,5.0,3.8949375993005866,83,7.653877531765829e-13,0.2675599787359286,0.26755997875880255,-2.28739249763521e-11,-2.2871926574907775e-11,-1.9984014443252818e-15,1000000,8.215650382226158e-15
bulk,f1,posterior,10.0,7.789875198601173,193,2.1316282072803006e-14,0.41771461470065363,0.41771461470077154,-1.1790568521519162e-13,-1.1524114995609125e-13,-2.6645352591003757e-15,1000000,1.8207657603852567e-14
bulk,f1,posterior,20.0,15.579750397202346,249,3.603561893328333e-11,0.6120591200984691,0.6120591210936719,-9.952028090509657e-10,-9.951999224711017e-10,-2.886579864025407e-15,1000000,6.661338147750939e-16
bulk,f1,posterior,40.0,31.159500794404693,721,-1.3322676295501878e-15,0.8472524103018553,0.8472524103020347,-1.794120407794253e-13,-1.7630341631047486e-13,-3.1086244689504383e-15,1000000,-6.217248937900877e-15
bulk,f2,prior,1.0,0.606270047333929,697,3.831823747191265e-11,0.21326943027219225,0.21326943138063548,-1.10844322609438e-09,-1.1084424489382627e-09,-7.771561172376096e-16,1000000,3.3306690738754696e-16
bulk,f2,prior,2.5,1.5156751183348225,1937,7.741363106106292e-12,0.3578477663798221,0.357847766623287,-2.434649148952417e-10,-2.4346391569451953e-10,-9.992007221626409e-16,1000000,5.551115123125783e-16
bulk,f2,prior,5.0,3.031350236669645,2833,4.652479512756713e-10,0.5068996972596094,0.5068997102899044,-1.3030295065163955e-08,-1.3030293732896325e-08,-1.3322676295501878e-15,1000000,0.0
bulk,f2,prior,10.0,6.06270047333929,9281,3.9390712913700554e-13,0.6928585862918184,0.6928585863057866,-1.3968159962018944e-11,-1.3965273382154919e-11,-2.886579864025407e-15,1000000,4.218847493575595e-15
bulk,f2,prior,20.0,12.12540094667858,16481,2.8359536941025e-12,0.9154173156050758,0.9154173157029635,-9.788769794738528e-11,-9.78817027430523e-11,-5.995204332975845e-15,1000000,1.887379141862766e-15
bulk,f2,prior,40.0,24.25080189335716,30849,7.807976487583801e-12,1.171566742777101,1.1715667430457342,-2.686331157519817e-10,-2.686251221462044e-10,-7.993605777301127e-15,1000000,-4.551914400963142e-14
bulk,f2,posterior,1.0,0.606270047333929,71,0.0,0.07513541311100386,0.07513541311100458,-7.216449660063518e-16,0.0,-7.216449660063518e-16,1000000,-2.220446049250313e-16
bulk,f2,posterior,2.5,1.5156751183348225,76,0.0,0.16038100364739905,0.1603810036474328,-3.375077994860476e-14,-3.2307490016592055e-14,-1.4432899320127035e-15,1000000,-1.1102230246251565e-15
bulk,f2,posterior,5.0,3.031350236669645,84,6.935674257135815e-11,0.26602325995310827,0.2660232617539162,-1.800807947205385e-09,-1.8008063928931506e-09,-1.5543122344752192e-15,1000000,-3.9968028886505635e-15
bulk,f2,posterior,10.0,6.06270047333929,197,1.212141498285746e-12,0.4141274104851649,0.414127410522366,-3.720113106453482e-11,-3.719846652927572e-11,-2.6645352591003757e-15,1000000,-6.661338147750939e-16
bulk,f2,posterior,20.0,12.12540094667858,513,1.1102230246251565e-15,0.6063779780648433,0.6063779780648944,-5.10702591327572e-14,-4.796163466380676e-14,-3.1086244689504383e-15,1000000,-8.881784197001252e-16
bulk,f2,posterior,40.0,24.25080189335716,757,1.1954881529163686e-12,0.8400447438815375,0.8400447439203296,-3.879208065882267e-11,-3.878852794514387e-11,-3.552713678800501e-15,1000000,-1.554312234475219e-14
bulk,f3,prior,1.0,0.8840364772007874,39425,1.0237144465463643e-11,0.3139211477824102,0.31392114813844363,-3.560334249641528e-10,-3.560129968604997e-10,-2.042810365310288e-14,1000000,-1.7763568394002505e-15
bulk,f3,prior,2.5,2.2100911930019684,73729,9.472578277325283e-11,0.5147412634680912,0.5147412666314739,-3.1633826669263954e-09,-3.1633229369276705e-09,-5.972999872483342e-14,1000000,-8.881784197001252e-16
bulk,f3,prior,5.0,4.420182386003937,130817,2.0916224308109577e-10,0.7133828918765208,0.713382898834179,-6.957658227335628e-09,-6.957721065958822e-09,6.283862319378386e-14,1000000,-5.551115123125783e-15
bulk,f3,prior,10.0,8.840364772007874,245249,3.1252156418304367e-10,0.9506315248619321,0.9506315353444537,-1.0482521517474197e-08,-1.0482537060596542e-08,1.554312234475219e-14,1000000,-3.9745984281580604e-14
bulk,f3,prior,20.0,17.680729544015747,474113,3.831890360572743e-10,1.2215158784404,1.2215158914364102,-1.29960100458959e-08,-1.299589325043371e-08,-1.1679546219056647e-13,1000000,9.50128864474209e-13
bulk,f3,prior,40.0,35.361459088031495,931841,4.247775464705228e-10,1.519057831244425,1.5190578459024966,-1.465807164535704e-08,-1.4658147584611925e-08,7.593925488436071e-14,2000000,9.603429163007604e-13
bulk,f3,posterior,1.0,0.8840364772007874,78,-5.10702591327572e-15,0.15719808057706053,0.15719808057706208,-1.5543122344752192e-15,0.0,-1.5543122344752192e-15,1000000,-5.551115123125783e-15
bulk,f3,posterior,2.5,2.2100911930019684,91,-4.884981308350689e-15,0.31673033687868135,0.3167303368787082,-2.6867397195928788e-14,-2.4424906541753444e-14,-2.4424906541753444e-15,1000000,-5.995204332975845e-15
bulk,f3,posterior,5.0,4.420182386003937,112,2.811106902811389e-11,0.49616242532511245,0.49616242608233674,-7.572242832765141e-10,-7.572213966966501e-10,-2.886579864025407e-15,1000000,-5.10702591327572e-15
bulk,f3,posterior,10.0,8.840364772007874,305,-1.3322676295501878e-15,0.7245224140073518,0.7245224140075157,-1.638689184346731e-13,-1.5987211554602254e-13,-3.9968028886505635e-15,1000000,-1.176836406102666e-14
bulk,f3,posterior,20.0,17.680729544015747,469,1.8185453143360064e-12,0.9935023748636231,0.9935023749209364,-5.731326524482938e-11,-5.731015662036043e-11,-3.1086244689504383e-15,1000000,-1.4410694859634532e-13
bulk,f3,posterior,40.0,35.361459088031495,793,6.079226011479477e-11,1.2924445208465194,1.2924445225632777,-1.7167582910815327e-09,-1.7167547383678539e-09,-3.552713678800501e-15,1000000,-1.8696155734687636e-13
bulk,f4,prior,1.0,0.8158045775298813,103,2.4587443192558567e-11,0.48373218145816477,0.4837321821217695,-6.636047267249978e-10,-6.636020621897387e-10,-2.6645352591003757e-15,1000000,-3.552713678800501e-15
bulk,f4,prior,2.5,2.0395114438247033,307,7.061018436615996e-14,0.7849065798470711,0.7849065798495714,-2.5002222514558525e-12,-2.497113626986902e-12,-3.1086244689504383e-15,1000000,-5.551115123125783e-15
bulk,f4,prior,5.0,4.079022887649407,475,2.2672530519685097e-11,1.0568245658012931,1.0568245664500031,-6.487099746266267e-10,-6.487081982697873e-10,-1.7763568394002505e-15,1000000,-5.750955267558311e-14
bulk,f4,prior,10.0,8.158045775298813,809,4.688178734113535e-10,1.3562795618279826,1.356279574138429,-1.2310446440011447e-08,-1.2310440666851719e-08,-5.773159728050814e-15,1000000,-3.40394379350073e-13
bulk,f4,prior,20.0,16.316091550597626,2957,-6.061817714453355e-13,1.6746511206837655,1.6746511206837713,-5.773159728050814e-15,-4.440892098500626e-15,-1.3322676295501878e-15,1000000,-6.059597268404104e-13
bulk,f4,prior,40.0,32.63218310119525,5637,7.176481631177012e-13,2.005133484335039,2.005133484335034,4.884981308350689e-15,-1.509903313490213e-14,1.9984014443252818e-14,1000000,7.176481631177012e-13
bulk,f4,posterior,1.0,0.8158045775298813,93,-6.661338147750939e-16,0.2565834649855725,0.25658346498557516,-2.6645352591003757e-15,0.0,-2.6645352591003757e-15,1000000,-4.440892098500626e-16
bulk,f4,posterior,2.5,2.0395114438247033,123,8.881784197001252e-16,0.4899205443311163,0.4899205443311221,-5.773159728050814e-15,-1.7763568394002505e-15,-3.9968028886505635e-15,1000000,-2.220446049250313e-16
bulk,f4,posterior,5.0,4.079022887649407,172,2.7977620220553945e-14,0.7303726978301697,0.7303726978311631,-9.9342756243459e-13,-9.876544027065393e-13,-5.773159728050814e-15,1000000,-1.5987211554602254e-14
bulk,f4,posterior,10.0,8.158045775298813,268,1.6333157049075453e-11,1.0132599794003156,1.0132599798610644,-4.6074877246837787e-10,-4.607412229518104e-10,-7.549516567451064e-15,1000000,-5.584421813864537e-13
bulk,f4,posterior,20.0,16.316091550597626,461,4.850928547739386e-10,1.324248470603675,1.3242484828978762,-1.2294201212625921e-08,-1.2294193219020144e-08,-7.993605777301127e-15,1000000,-1.1448619829934614e-12
bulk,f4,posterior,40.0,32.63218310119525,1693,5.329070518200751e-13,1.6518555116070592,1.6518555116070557,3.552713678800501e-15,8.881784197001252e-16,2.6645352591003757e-15,1000000,5.329070518200751e-13
gamma,psr,prior,0.5,0.4,1209,-1.6564527527407336e-13,1.170584498769149,1.170584498769157,-7.993605777301127e-15,-2.6645352591003757e-15,-5.329070518200751e-15,1000000,-1.6564527527407336e-13
gamma,psr,prior,1.0,0.8,2145,-4.813927034774679e-13,1.4769916039134525,1.4769916039135533,-1.0080825063596421e-13,-9.237055564881302e-14,-8.43769498715119e-15,1000000,-4.836131495267182e-13
gamma,psr,prior,2.5,2.0,4945,1.3251622021925868e-12,1.906331825819982,1.906331825820832,-8.499867476530198e-13,-8.038014698286133e-13,-4.618527782440651e-14,60000000,1.3036238755148588e-12
gamma,psr,prior,5.0,4.0,9609,4.445332990599127e-12,2.241985269098192,2.241985269100038,-1.8460788453467103e-12,-1.687538997430238e-12,-1.5853984791647235e-13,60000000,4.400591002706733e-12
gamma,psr,prior,10.0,8.0,18941,2.2808421817899216e-12,2.582726566104843,2.582726566107225,-2.382094521635736e-12,-2.4584778657299466e-12,7.638334409421077e-14,60000000,2.216116179454275e-12
gamma,psr,prior,25.0,20.0,46937,1.1457501614131615e-13,3.0372190785773743,3.037219078580412,-3.0375701953744283e-12,-3.1228353236656403e-12,8.526512829121202e-14,1000000,3.3306690738754696e-14
gamma,psr,posterior,0.5,0.4,149,-1.0658141036401503e-14,0.3299461172317777,0.32994611723261924,-8.415490526658687e-13,-8.415490526658687e-13,0.0,1000000,-1.98507876802978e-13
gamma,psr,posterior,1.0,0.8,215,-3.1086244689504383e-15,0.5269269811417412,0.5269269811444377,-2.6965096822095802e-12,-2.6987301282588305e-12,2.220446049250313e-15,1000000,-9.992007221626409e-13
gamma,psr,posterior,2.5,2.0,409,-2.6645352591003757e-15,0.8676322072012188,0.8676322072008613,3.574918139293004e-13,3.375077994860476e-13,1.9984014443252818e-14,1000000,-4.973799150320701e-14
gamma,psr,posterior,5.0,4.0,729,6.838973831690964e-14,1.1679916846615446,1.1679916846615392,5.329070518200751e-15,-4.529709940470639e-14,5.062616992290714e-14,1000000,6.694644838489694e-14
gamma,psr,posterior,10.0,8.0,1370,9.059419880941277e-14,1.4897455597900269,1.4897455597905909,-5.639932965095795e-13,-4.68070027181966e-13,-9.592326932761353e-14,1000000,7.80486786311485e-14
gamma,psr,posterior,25.0,20.0,3292,1.2878587085651816e-13,1.9323831531887183,1.9323831531907176,-1.999289622744982e-12,-2.0055068716828828e-12,6.217248937900877e-15,1000000,7.249756350802272e-14
gamma,fsrq,prior,0.5,0.4,545,1.0348388812531084e-11,0.6173687139405712,0.6173687142478208,-3.0724955912830865e-10,-3.0724711663765447e-10,-2.4424906541753444e-15,1000000,8.881784197001252e-16
gamma,fsrq,prior,1.0,0.8,817,9.59248014353875e-10,0.8428392574431047,0.8428392822115764,-2.4768471718061846e-08,-2.4768468609437377e-08,-3.1086244689504383e-15,1000000,-4.884981308350689e-15
gamma,fsrq,prior,2.5,2.0,3281,9.414691248821327e-14,1.193058999242127,1.1930589992489002,-6.773248628633155e-12,-6.7692518257445045e-12,-3.9968028886505635e-15,1000000,-9.747758156208874e-14
gamma,fsrq,prior,5.0,4.0,6033,7.860379014346108e-13,1.4891903833463718,1.489190383383677,-3.730526998424466e-11,-3.730438180582496e-11,-8.881784197001252e-16,1000000,-3.0331293032759277e-13
gamma,fsrq,prior,10.0,8.0,11521,2.546851618490109e-12,1.8044991858838255,1.8044991859752417,-9.141620793684524e-11,-9.141487566921569e-11,-1.3322676295501878e-15,1000000,-1.396660564978447e-13
gamma,fsrq,prior,25.0,20.0,28001,8.250289340594463e-12,2.240355936854683,2.240355937012217,-1.5753398585616196e-10,-1.5755308169218551e-10,1.9095836023552692e-14,60000000,3.67184060934278e-12
gamma,fsrq,posterior,0.5,0.4,93,1.1102230246251565e-15,0.26904458046513224,0.2690445804651347,-2.4424906541753444e-15,4.440892098500626e-16,-2.886579864025407e-15,1000000,1.1102230246251565e-15
gamma,fsrq,posterior,1.0,0.8,114,-8.881784197001252e-16,0.44031795339011115,0.44031795339011204,-8.881784197001252e-16,2.6645352591003757e-15,-3.552713678800501e-15,1000000,3.3306690738754696e-16
gamma,fsrq,posterior,2.5,2.0,173,5.395683899678261e-13,0.7505994310600643,0.7505994310768087,-1.674438365739661e-11,-1.673816640845871e-11,-6.217248937900877e-15,1000000,-1.6653345369377348e-14
gamma,fsrq,posterior,5.0,4.0,272,1.44010137148598e-10,1.0347394811350528,1.0347394848840494,-3.74899666866213e-09,-3.74899578048371e-09,-8.881784197001252e-16,1000000,-4.949374243778948e-13
gamma,fsrq,posterior,10.0,8.0,939,-1.6431300764452317e-13,1.346202706607185,1.3462027066071975,-1.2434497875801753e-14,-1.7763568394002505e-15,-1.0658141036401503e-14,1000000,-1.6409096303959814e-13
gamma,fsrq,posterior,25.0,20.0,2125,2.375877272697835e-12,1.7816305351331811,1.7816305351331936,-1.2434497875801753e-14,-1.7763568394002505e-15,-1.0658141036401503e-14,60000000,2.376321361907685e-12
gamma,bll,prior,0.5,0.4,191,9.614531393253856e-14,0.36525067602919137,0.3652506760323915,-3.2001068461795512e-12,-3.197664355525376e-12,-2.4424906541753444e-15,1000000,-4.440892098500626e-16
gamma,bll,prior,1.0,0.8,243,3.026867645417042e-10,0.5482223769658245,0.5482223847338101,-7.767985588102988e-09,-7.767982701523124e-09,-2.886579864025407e-15,1000000,-6.661338147750939e-16
gamma,bll,prior,2.5,2.0,801,1.4703793738135573e-12,0.8569708486450214,0.8569708486933325,-4.831113287195876e-11,-4.830758015827996e-11,-3.552713678800501e-15,1000000,-4.440892098500626e-14
gamma,bll,prior,5.0,4.0,1325,4.709166390171049e-11,1.1326303145832806,1.1326303159599416,-1.3766610074128494e-09,-1.3766552342531213e-09,-5.773159728050814e-15,1000000,-1.8141044222375058e-13
gamma,bll,prior,10.0,8.0,2369,2.849085412037766e-10,1.4349635444356084,1.4349635523962916,-7.960683223728893e-09,-7.960686332353362e-09,3.1086244689504383e-15,1000000,6.411537967210279e-13
gamma,bll,prior,25.0,20.0,5509,8.394129835664899e-10,1.8614936747677722,1.8614936979175964,-2.314982427975565e-08,-2.3149844707859302e-08,2.042810365310288e-14,60000000,7.764344722716032e-12
gamma,bll,posterior,0.5,0.4,86,4.440892098500626e-16,0.19991146388242154,0.19991146388242442,-2.886579864025407e-15,0.0,-2.886579864025407e-15,1000000,4.440892098500626e-16
gamma,bll,posterior,1.0,0.8,101,0.0,0.3385080944694807,0.3385080944694836,-2.886579864025407e-15,4.440892098500626e-16,-3.3306690738754696e-15,1000000,5.551115123125783e-16
gamma,bll,posterior,2.5,2.0,142,7.198686091669515e-13,0.6063798497946551,0.6063798498166397,-2.198463633362735e-11,-2.19824158875781e-11,-2.220446049250313e-15,1000000,-1.7763568394002505e-15
gamma,bll,posterior,5.0,4.0,211,4.1237147030415144e-10,0.8656295513188494,0.865629561563281,-1.0244431525308073e-08,-1.0244430193040444e-08,-1.3322676295501878e-15,1000000,-8.637535131583718e-14
gamma,bll,posterior,10.0,8.0,693,1.2918555114538322e-12,1.1601166610167963,1.1601166610168123,-1.5987211554602254e-14,-4.440892098500626e-15,-1.1546319456101628e-14,60000000,1.2917444891513696e-12
gamma,bll,posterior,25.0,20.0,1513,8.57891535588351e-12,1.5828842331880617,1.5828842331882562,-1.9451107391432743e-13,-2.0605739337042905e-13,1.1546319456101628e-14,60000000,8.573586285365309e-12
gamma,bcu,prior,0.5,0.4,185,3.086420008457935e-14,0.34271706306894045,0.3427170630700074,-1.0669243266647754e-12,-1.0649259252204502e-12,-1.9984014443252818e-15,1000000,-2.220446049250313e-16
gamma,bcu,prior,1.0,0.8,233,1.5659029628523058e-10,0.5185904333223581,0.5185904374322476,-4.109889539805067e-09,-4.109887097314413e-09,-2.4424906541753444e-15,1000000,2.220446049250313e-16
gamma,bcu,prior,2.5,2.0,749,1.0311751452718454e-12,0.8187034948762144,0.8187034949104426,-3.4228175849193576e-11,-3.4224623135514776e-11,-3.552713678800501e-15,1000000,-3.26405569239796e-14
gamma,bcu,prior,5.0,4.0,1221,4.4355630279824254e-11,1.0891410518466205,1.0891410531419883,-1.2953678130145363e-09,-1.295362483944018e-09,-5.329070518200751e-15,1000000,-1.6120438317557273e-13
gamma,bcu,prior,10.0,8.0,2165,3.0445068688322863e-10,1.3876316490070741,1.3876316574807044,-8.473630241923047e-09,-8.473628021476998e-09,-2.220446049250313e-15,1000000,2.1405099914773018e-13
gamma,bcu,prior,25.0,20.0,4997,9.913510012893312e-10,1.8109913560732092,1.810991383236503,-2.7163293836451885e-08,-2.7163356897119684e-08,6.306066779870889e-14,60000000,6.518341422179219e-12
gamma,bcu,posterior,0.5,0.4,85,-6.661338147750939e-16,0.19994058383266422,0.19994058383266644,-2.220446049250313e-15,2.220446049250313e-16,-2.4424906541753444e-15,1000000,-4.440892098500626e-16
gamma,bcu,posterior,1.0,0.8,100,2.220446049250313e-16,0.33843228381403856,0.33843228381404167,-3.1086244689504383e-15,4.440892098500626e-16,-3.552713678800501e-15,1000000,4.440892098500626e-16
gamma,bcu,posterior,2.5,2.0,140,7.553957459549565e-13,0.6059868529316761,0.6059868529547163,-2.304023638544095e-11,-2.3037571850181848e-11,-2.6645352591003757e-15,1000000,-8.881784197001252e-16
gamma,bcu,posterior,5.0,4.0,207,4.6120351981926433e-10,0.8649055400636194,0.8649055514656374,-1.1402017996431368e-08,-1.140201533189611e-08,-2.6645352591003757e-15,1000000,-9.636735853746359e-14
gamma,bcu,posterior,10.0,8.0,679,5.768718835952313e-13,1.1590699383579226,1.1590699383579337,-1.1102230246251565e-14,-3.552713678800501e-15,-7.549516567451064e-15,1000000,5.763167720829188e-13
gamma,bcu,posterior,25.0,20.0,1475,7.530864820637362e-12,1.5815183267644985,1.5815183267648343,-3.3573144264664734e-13,-3.126388037344441e-13,-2.3092638912203256e-14,60000000,7.522538147952673e-12
gamma,unassoc,prior,0.5,0.4,94721,2.4374280371830537e-11,0.711846113788688,0.7118461146301478,-8.414597907346888e-10,-8.415370622572027e-10,7.72715225139109e-14,1000000,4.107825191113079e-15
gamma,unassoc,prior,1.0,0.8,181249,3.8929526269271264e-11,0.9376952360121735,0.9376952373652214,-1.3530478959467018e-09,-1.3530074838286055e-09,-4.04121180963557e-14,1000000,-7.105427357601002e-15
gamma,unassoc,prior,2.5,2.0,440833,5.157030358304837e-11,1.286870301992964,1.2868703038209222,-1.8279582292279883e-09,-1.8280461588915387e-09,8.79296635503124e-14,1000000,-1.0147438445073931e-13
gamma,unassoc,prior,5.0,4.0,873473,5.651967782682732e-11,1.5819508120299197,1.5819508140734335,-2.0435138026186905e-09,-2.0434391956314357e-09,-7.460698725481052e-14,2000000,-2.828848266744899e-13
gamma,unassoc,prior,10.0,8.0,1738753,5.955902437904115e-11,1.8963809164237042,1.896380918602261,-2.178556890441996e-09,-2.1785639958693537e-09,7.105427357601002e-15,3000000,5.6621374255882984e-14
gamma,unassoc,prior,25.0,20.0,2000001,2.1059304300408144e-08,2.3314798164675676,2.3314804798539916,-6.63386424015755e-07,-6.633864613192486e-07,3.730349362740526e-14,60000000,4.175659817917676e-12
gamma,unassoc,posterior,0.5,0.4,107,-1.5543122344752192e-15,0.321027536186687,0.3210275361866888,-1.7763568394002505e-15,1.7763568394002505e-15,-3.552713678800501e-15,1000000,-8.881784197001252e-16
gamma,unassoc,posterior,1.0,0.8,140,3.1086244689504383e-15,0.5142735327830312,0.5142735327830428,-1.1546319456101628e-14,-7.549516567451064e-15,-3.9968028886505635e-15,1000000,1.3322676295501878e-15
gamma,unassoc,posterior,2.5,2.0,235,2.930988785010413e-14,0.8506810125886188,0.8506810125913518,-2.7329249974172853e-12,-2.730260462158185e-12,-2.6645352591003757e-15,1000000,-4.887201754399939e-13
gamma,unassoc,posterior,5.0,4.0,393,3.6632918920531665e-12,1.1488447224866478,1.148844722601424,-1.1477618855337823e-10,-1.1477130357206988e-10,-4.884981308350689e-15,1000000,-1.5838441669302483e-12
gamma,unassoc,posterior,10.0,8.0,708,5.438405281665837e-11,1.46925810807351,1.4692581095880373,-1.5145271703431717e-09,-1.5145049658826792e-09,-2.220446049250313e-14,1000000,-1.687538997430238e-13
gamma,unassoc,posterior,25.0,20.0,1653,2.8686830688684495e-10,1.9109894953461035,1.9109895030908755,-7.7447719348811e-09,-7.744571206558248e-09,-2.007283228522283e-13,1000000,1.4599432773820809e-13
hardxray,sy1,prior,0.5,1.55,2849,2.957927236479918e-10,1.0813316078701347,1.0813316162631965,-8.393061801115209e-09,-8.39305780431232e-09,-3.9968028886505635e-15,60000000,3.1435964942261307e-12
hardxray,sy1,prior,1.0,3.1,5129,7.869069840182874e-10,1.3858021266563827,1.3858021486525662,-2.199618354126187e-08,-2.1996192423046068e-08,8.881784197001252e-15,60000000,1.1250667064643949e-11
hardxray,sy1,prior,2.5,7.75,23921,-2.2470914018413168e-13,1.8151318592173737,1.8151318592459718,-2.8598012846714482e-11,-2.865707671162454e-11,5.906386491005833e-14,1000000,-1.0125233984581428e-12
hardxray,sy1,prior,5.0,15.5,46689,1.0276224315930449e-12,2.1512794149334296,2.1512794149731302,-3.97006871821759e-11,-4.000177966645424e-11,3.0109248427834245e-13,1000000,-6.061817714453355e-14
hardxray,sy1,prior,10.0,31.0,92241,1.1191048088221578e-12,2.4924487127541735,2.4924487128016644,-4.7490900101365696e-11,-4.764100225429502e-11,1.5010215292932116e-13,1000000,-1.5942802633617248e-13
hardxray,sy1,prior,25.0,77.5,228865,9.494627306594339e-13,2.9472832034095244,2.947283203463268,-5.374367617605458e-11,-5.3719695358722674e-11,-2.398081733190338e-14,1000000,-4.616307336391401e-13
hardxray,sy1,posterior,0.5,1.55,181,-9.769962616701378e-15,0.32044743030828116,0.3204474302252649,8.30162605325313e-11,8.302558640593816e-11,-9.325873406851315e-15,60000000,3.901490241986494e-11
hardxray,sy1,posterior,1.0,3.1,272,-1.5987211554602254e-14,0.514030844353599,0.5140308443326469,2.0952128920725954e-11,2.0934365352331952e-11,1.7763568394002505e-14,60000000,6.8978156519960976e-12
hardxray,sy1,posterior,2.5,7.75,541,1.2967404927621828e-13,0.8512049999280027,0.8512049999279596,4.3076653355456074e-14,-8.881784197001252e-16,4.39648317751562e-14,1000000,1.3011813848606835e-13
hardxray,sy1,posterior,5.0,15.5,986,4.618527782440651e-14,1.1499116175619557,1.1499116175620134,-5.773159728050814e-14,-1.7763568394002505e-15,-5.595524044110789e-14,1000000,4.5630166312093934e-14
hardxray,sy1,posterior,10.0,31.0,1876,-2.9753977059954195e-13,1.4707067669080987,1.4707067669082008,-1.021405182655144e-13,-1.5987211554602254e-14,-8.615330671091215e-14,1000000,-2.973177259946169e-13
hardxray,sy1,posterior,25.0,77.5,4544,-1.5543122344752192e-13,1.9127183136057555,1.9127183136058363,-8.08242361927114e-14,-6.306066779870889e-14,-1.7763568394002505e-14,1000000,-1.567634910770721e-13
hardxray,sy2,prior,0.5,1.55,599,4.1611158962950867e-13,1.0811728873852848,1.081172887385296,-1.1102230246251565e-14,-8.881784197001252e-15,-2.220446049250313e-15,1000000,4.156675004196586e-13
hardxray,sy2,prior,1.0,3.1,1049,6.5210059574383195e-12,1.3929089018829295,1.3929089018833882,-4.587441537751147e-13,-4.2366110619695974e-13,-3.5083047578154947e-14,60000000,6.509237593377293e-12
hardxray,sy2,prior,2.5,7.75,2401,5.39035482916006e-12,1.8281171492209034,1.8281171492256743,-4.770850381419223e-12,-4.707345624410664e-12,-6.350475700855895e-14,60000000,5.256017843180416e-12
hardxray,sy2,prior,5.0,15.5,4653,6.883382752675971e-13,2.166604568385597,2.1666045683965205,-1.092370638389184e-11,-1.0819789508786926e-11,-1.0391687510491465e-13,1000000,3.779199175824033e-13
hardxray,sy2,prior,10.0,31.0,9159,3.552713678800501e-13,2.509036492650278,2.509036492667061,-1.6783019418653566e-11,-1.6495249610670726e-11,-2.877698079828406e-13,1000000,-1.141309269314661e-13
hardxray,sy2,prior,25.0,77.5,22673,3.9879211044535623e-13,2.964662310988225,2.9646623110098487,-2.162359180601925e-11,-2.1664448013325455e-11,4.085620730620576e-14,1000000,-2.0605739337042905e-13
hardxray,sy2,posterior,0.5,1.55,179,-1.1546319456101628e-14,0.32121639740018315,0.32121639735957697,4.0606185081060175e-11,4.0603520545801075e-11,2.6645352591003757e-15,60000000,1.8131607326665744e-11
hardxray,sy2,posterior,1.0,3.1,269,1.7319479184152442e-14,0.5151491534015538,0.5151491533950359,6.517897332969369e-12,6.519229600598919e-12,-1.3322676295501878e-15,60000000,1.7593704271234856e-12
hardxray,sy2,posterior,2.5,7.75,535,1.9539925233402755e-14,0.8527334225292558,0.8527334225292149,4.085620730620576e-14,0.0,4.085620730620576e-14,1000000,1.942890293094024e-14
hardxray,sy2,posterior,5.0,15.5,974,8.704148513061227e-14,1.1516496464382238,1.1516496464382842,-6.039613253960852e-14,-8.881784197001252e-16,-5.950795411990839e-14,1000000,8.704148513061227e-14
hardxray,sy2,posterior,10.0,31.0,1852,-1.4033219031261979e-13,1.4725717959457523,1.4725717959457274,2.4868995751603507e-14,-7.105427357601002e-15,3.197442310920451e-14,1000000,-1.4077627952246985e-13
hardxray,sy2,posterior,25.0,77.5,4485,-3.1086244689504383e-13,1.9146684811287384,1.9146684811287686,-3.019806626980426e-14,-2.930988785010413e-14,-8.881784197001252e-16,1000000,-3.11972669919669e-13
hardxray,beamed,prior,0.5,1.55,27649,3.094413614235236e-11,1.157410308498625,1.1574103094773749,-9.787499699598357e-10,-9.787424204432682e-10,-7.549516567451064e-15,60000000,1.9234613901630837e-12
hardxray,beamed,prior,1.0,3.1,50881,5.846123585229179e-11,1.4646424788770238,1.4646424805193186,-1.6422947446415037e-09,-1.6423049586933303e-09,1.021405182655144e-14,60000000,9.96647209206003e-12
hardxray,beamed,prior,2.5,7.75,120449,6.852740597196316e-11,1.8957784250274674,1.8957784273409226,-2.3134552051828905e-09,-2.313506719531233e-09,5.1514348342607263e-14,60000000,1.3312684288280252e-12
hardxray,beamed,prior,5.0,15.5,236353,7.52100604017869e-11,2.2325494671056623,2.2325494697361883,-2.630526019231638e-09,-2.630764051048118e-09,2.3803181647963356e-13,1000000,4.696243394164412e-14
hardxray,beamed,prior,10.0,31.0,468225,7.967848603129823e-11,2.57403271011023,2.5740327129266527,-2.816422650653294e-09,-2.8162912002471785e-09,-1.3145040611561853e-13,1000000,5.836442440454448e-13
hardxray,beamed,prior,25.0,77.5,1163905,8.207479140764917e-11,3.029055698734914,3.0290557017314788,-2.996564774093713e-09,-2.9965923076247236e-09,2.7533531010703882e-14,3000000,-7.993605777301127e-15
hardxray,beamed,posterior,0.5,1.55,184,-1.7763568394002505e-15,0.32678248086108574,0.3267824807815356,7.955014424965157e-11,7.954970016044172e-11,4.440892098500626e-16,60000000,3.6198710695600766e-11
hardxray,beamed,posterior,1.0,3.1,278,1.554312234475219e-14,0.5226430217503659,0.5226430217346878,1.567812546454661e-11,1.567945773217616e-11,-1.3322676295501878e-15,60000000,4.8125947671451286e-12
hardxray,beamed,posterior,2.5,7.75,554,1.4299672557172016e-13,0.8621908295905141,0.862190829590519,-4.884981308350689e-15,-1.7763568394002505e-15,-3.1086244689504383e-15,1000000,1.4355183708403274e-13
hardxray,beamed,posterior,5.0,15.5,1013,7.72715225139109e-14,1.1620111558699433,1.1620111558699655,-2.220446049250313e-14,-8.881784197001252e-16,-2.1316282072803006e-14,1000000,7.749356711883593e-14
hardxray,beamed,posterior,10.0,31.0,1928,1.4033219031261979e-13,1.4834531164080396,1.483453116408108,-6.838973831690964e-14,-1.1546319456101628e-14,-5.684341886080802e-14,1000000,1.397770788003072e-13
hardxray,beamed,posterior,25.0,77.5,4674,1.4210854715202004e-13,1.9258873646491361,1.925887364649177,-4.085620730620576e-14,-4.3520742565306136e-14,2.6645352591003757e-15,1000000,1.4155343563970746e-13
hardxray,xrb,prior,0.5,1.55,57321,1.1084821949225443e-10,2.4066252046969274,2.406625208258737,-3.56180951399665e-09,-3.5618228366729454e-09,1.3322676295501878e-14,1000000,-1.4432899320127035e-13
hardxray,xrb,prior,1.0,3.1,114113,1.2154721673596214e-10,2.743191051569953,2.7431910554798664,-3.90991328202972e-09,-3.909947032809669e-09,3.375077994860476e-14,60000000,2.010724919898621e-12
hardxray,xrb,prior,2.5,7.75,284497,1.2718182063053973e-10,3.1946994254137673,3.194699429608657,-4.194889768882604e-09,-4.195000791185066e-09,1.1102230246251565e-13,60000000,2.260303055834356e-12
hardxray,xrb,prior,5.0,15.5,568473,1.2714451713691233e-10,3.538914230691625,3.5389142350342873,-4.342662229817051e-09,-4.34272529048485e-09,6.306066779870889e-14,1000000,3.8458125573015423e-13
hardxray,xrb,prior,10.0,31.0,1136417,1.2649969960421004e-10,3.8842738334533697,3.8842738379158606,-4.462490821310894e-09,-4.462636482571725e-09,1.4566126083082054e-13,2000000,-1.2039258479035198e-12
hardxray,xrb,prior,25.0,77.5,2000001,1.6736464547584262e-08,4.341677769213308,4.341678287274755,-5.180614470745581e-07,-5.180614159883135e-07,-3.108624468950438e-14,4000000,-1.1333156635373598e-12
hardxray,xrb,posterior,0.5,1.55,529,1.8207657603852567e-13,0.3461675255978722,0.34616752559786157,1.0658141036401503e-14,0.0,1.0658141036401503e-14,1000000,1.8185453143360064e-13
hardxray,xrb,posterior,1.0,3.1,927,9.947598300641403e-14,0.5487644656256361,0.5487644656257498,-1.1368683772161603e-13,8.881784197001252e-16,-1.1457501614131615e-13,1000000,9.914291609902648e-14
hardxray,xrb,posterior,2.5,7.75,2106,-2.220446049250313e-14,0.8952023114875498,0.895202311487604,-5.417888360170764e-14,-8.881784197001252e-16,-5.3290705182007514e-14,1000000,-2.2426505097428162e-14
hardxray,xrb,posterior,5.0,15.5,4065,2.744471316873387e-13,1.198208468018322,1.1982084680183789,-5.684341886080802e-14,0.0,-5.684341886080802e-14,1000000,2.7411406477995115e-13
hardxray,xrb,posterior,10.0,31.0,7980,1.8962609260597674e-12,1.5214867553069222,1.5214867553069835,-6.128431095930864e-14,0.0,-6.128431095930864e-14,60000000,1.896593992967155e-12
hardxray,xrb,posterior,25.0,77.5,19724,-7.72715225139109e-12,1.9651155101082196,1.9651155101082836,-6.394884621840902e-14,0.0,-6.394884621840902e-14,1000000,-7.726930206786164e-12
hardxray,cv,prior,0.5,1.55,995,2.240430063693566e-12,1.442471986885192,1.4424719869660119,-8.08197953006129e-11,-8.079403812644159e-11,-2.5757174171303632e-14,1000000,-3.368416656712725e-13
hardxray,cv,prior,1.0,3.1,1847,1.651834224958293e-11,1.769456577658433,1.7694565780788971,-4.2046410797524914e-10,-4.20429024927671e-10,-3.5083047578154947e-14,60000000,2.6668667274520885e-12
hardxray,cv,prior,2.5,7.75,4401,4.240963136226128e-11,2.2148725628601884,2.2148725640345246,-1.17433618385121e-09,-1.1742402605818825e-09,-9.592326932761353e-14,60000000,3.5698111133797283e-12
hardxray,cv,prior,5.0,15.5,8659,5.517808432387028e-11,2.5569866547946143,2.556986656467328,-1.6727135232486035e-09,-1.6725509865977983e-09,-1.6253665080512292e-13,1000000,4.882760862301438e-13
hardxray,cv,prior,10.0,31.0,17175,6.474110136878153e-11,2.9012809543625186,2.9012809563817896,-2.0192709726529756e-09,-2.0192780780803332e-09,7.105427357601002e-15,1000000,-1.8096635301390052e-13
hardxray,cv,prior,25.0,77.5,42723,7.070433127864817e-11,3.358041117133494,3.3580411194303945,-2.2969004476181e-09,-2.2968986712612605e-09,-1.7763568394002505e-15,1000000,-1.2638778912332782e-12
hardxray,cv,posterior,0.5,1.55,212,-1.1546319456101628e-14,0.3358508257528645,0.3358508257537536,-8.890665981198254e-13,-8.699707620962727e-13,-1.9095836023552692e-14,1000000,-3.950173521616307e-13
hardxray,cv,posterior,1.0,3.1,331,-4.440892098500626e-16,0.5349420977513595,0.5349420977515957,-2.362554596402333e-13,-1.971756091734278e-13,-3.907985046680551e-14,1000000,-6.750155989720952e-14
hardxray,cv,posterior,2.5,7.75,680,1.438849039914203e-13,0.8778393515303797,0.8778393515303522,2.7533531010703882e-14,8.881784197001252e-16,2.6645352591003757e-14,1000000,1.438849039914203e-13
hardxray,cv,posterior,5.0,15.5,1260,6.394884621840902e-14,1.179224331696406,1.1792243316960453,3.6060043839825084e-13,8.881784197001252e-16,3.597122599785507e-13,1000000,6.361577931102147e-14
hardxray,cv,posterior,10.0,31.0,2417,-2.3092638912203256e-14,1.5015728611939325,1.5015728611939645,-3.197442310920451e-14,0.0,-3.197442310920451e-14,1000000,-2.3314683517128287e-14
hardxray,cv,posterior,25.0,77.5,5889,-6.288303211476887e-13,1.9445986899955274,1.9445986899955656,-3.8191672047105385e-14,-2.6645352591003757e-15,-3.552713678800501e-14,1000000,-6.286082765427636e-13
hardxray,other,prior,0.5,1.55,141313,1.0952438955769139e-10,1.2123873126735414,1.2123873164443117,-3.770770362621079e-09,-3.770784573475794e-09,1.4210854715202004e-14,1000000,7.955858194463872e-13
hardxray,other,prior,1.0,3.1,265473,1.4341861032107772e-10,1.52027659589083,1.5202766006771848,-4.786354868002718e-09,-4.7863055741004246e-09,-4.929390229335695e-14,60000000,7.087441744602074e-12
hardxray,other,prior,2.5,7.75,637441,1.632107782256753e-10,1.951588873352767,1.9515888789965894,-5.643822298395662e-09,-5.643876477279264e-09,5.417888360170764e-14,60000000,5.80036019215413e-12
hardxray,other,prior,5.0,15.5,1257473,1.653184256156237e-10,2.2883383776741493,2.288338383690265,-6.016115605689265e-09,-6.01627991869691e-09,1.6431300764452317e-13,5000000,3.822497873784414e-13
hardxray,other,prior,10.0,31.0,2000001,3.632818490473255e-10,2.6297854865933568,2.6297854997282872,-1.3134930476610407e-08,-1.3134930476610407e-08,0.0,9000000,7.462919171530302e-13
hardxray,other,prior,25.0,77.5,2000001,6.1272480422758235e-09,3.0847759103421337,3.084776116441404,-2.060992700947395e-07,-2.0609924700210058e-07,-2.3092638912203256e-14,21000000,7.882583474838611e-13
hardxray,other,posterior,0.5,1.55,179,6.661338147750939e-15,0.3300589684148574,0.33005896834496395,6.989342438146195e-11,6.989164802462255e-11,1.7763568394002505e-15,60000000,3.387745639571449e-11
hardxray,other,posterior,1.0,3.1,269,3.6415315207705135e-14,0.5270759538750456,0.5270759538568242,1.822142436935792e-11,1.822142436935792e-11,0.0,60000000,5.434652727842604e-12
hardxray,other,posterior,2.5,7.75,534,6.750155989720952e-14,0.8678166852070666,0.867816685207079,-1.2434497875801753e-14,-8.881784197001252e-16,-1.1546319456101628e-14,1000000,6.772360450213455e-14
hardxray,other,posterior,5.0,15.5,974,8.970602038971265e-14,1.1681921749592323,1.1681921749593078,-7.549516567451064e-14,-1.7763568394002505e-15,-7.37188088351104e-14,1000000,9.00390872971002e-14
hardxray,other,posterior,10.0,31.0,1852,3.375077994860476e-14,1.489955189815542,1.489955189815447,9.50350909079134e-14,-1.865174681370263e-14,1.1368683772161603e-13,1000000,3.375077994860476e-14
hardxray,other,posterior,25.0,77.5,4487,1.2789769243681803e-13,1.9325987003165528,1.9325987003166283,-7.549516567451064e-14,-6.838973831690964e-14,-7.105427357601002e-15,1000000,1.2601031329495527e-13
