cls,law,cells,k,loglik,aic,bic,params,mix_components,cg_tail_index,gig_order,gig_omega,daic,dbic
0-10 km,poisson,1109,1,-1831215.973117844,3662433.946235688,3662438.957449675,[1.9750330894550392],,,,,2943721.4127425714,2943671.300602698
0-10 km,gamma,1109,2,-360406.6916233646,720817.3832467292,720827.4056747039,"[-0.03746368042569467, -2.182530792136849]",,,,,2104.8497536126524,2059.74882772658
0-10 km,gammamix,1109,11,-359345.26674655825,718712.5334931165,718767.6568469773,"[0.3466571941196681, -0.5543727555208426, -3.599403603104159, 5.9827796109679925, 2.6323270925412645, 1.0481770304624536, -0.5220752183585929, 4.888209205676851, 1.1112933407603995, -1.4794623760092243, -6.326095740143041]",4.0,,,,0.0,0.0
0-10 km,lognormal,1109,2,-359739.04050178034,719482.0810035607,719492.1034315354,"[1.5441132148823253, -0.42548872950604105]",,,,,769.5475104441866,724.4465845581144
0-10 km,compoundgamma,1109,3,-359548.72929138923,719103.4585827785,719118.4922247406,"[9.210340371976184, 0.981825538813832, -6.50743544748176]",,3.669324752692435,,,390.9250896619633,350.8353777632583
0-10 km,logskewnormal,1109,3,-359442.0046087825,718890.009217565,718905.042859527,"[0.9073358470742907, -0.09718037317647092, 28.887107887276166]",,,,,177.4757244484499,137.38601254974492
0-10 km,gig,1109,3,-359548.66109660035,719103.3221932007,719118.3558351628,"[-3.6689271340165144, -13.009077861005082, 16.40496259155673]",,,-3.6689271340165144,2.239903303733777e-06,390.788700084202,350.698988185497
10-20 km,poisson,713,1,-55274.432829999205,110550.86565999841,110555.43514141883,[1.365571797082854],,,,,9578.214931896015,9559.937006214357
10-20 km,gamma,713,2,-50523.04866364952,101050.09732729904,101059.23629013986,"[2.4077162501999396, 1.0883030420040334]",,,,,77.44659919664264,63.73815493538859
10-20 km,gammamix,713,5,-50481.3253640512,100972.6507281024,100995.49813520447,"[0.19751058977749836, 5.522115862118823, 2.60386278413755, 4.462192796923761, 1.1174103183126793]",2.0,,,,0.0,0.0
10-20 km,lognormal,713,2,-50512.00315351098,101028.00630702196,101037.14526986278,"[1.2732261211390454, -1.2133472195655721]",,,,,55.35557891956705,41.64713465831301
10-20 km,compoundgamma,713,3,-50505.751646656645,101017.50329331329,101031.21173757453,"[9.210340371976184, 2.4195719300558487, -5.473759978807907]",,12.241046330733415,,,44.85256521089468,35.71360237005865
10-20 km,logskewnormal,713,3,-50495.3566188568,100996.7132377136,101010.42168197484,"[0.9088939191993508, -0.773326127678786, 5.632586458320178]",,,,,24.062509611205314,14.923546770369285
10-20 km,gig,713,3,-50505.73986714623,101017.47973429246,101031.1881785537,"[-12.228615584981455, -9.878271779032897, 14.306892197510413]",,,-12.228615584981455,5.1276819011501646e-05,44.8290061900625,35.69004334922647
20-40 km,poisson,837,1,-34729.31986318792,69460.63972637584,69465.36955044632,[1.320877626848221],,,,,11506.129183350306,11473.020414856874
20-40 km,gamma,837,2,-29228.375328691047,58460.750657382094,58470.21030552307,"[1.6184484319430896, 0.2676107380947594]",,,,,506.2401143565585,477.86116993361793
20-40 km,gammamix,837,8,-28969.255271512768,57954.510543025535,57992.34913558945,"[-0.1000466029496816, -1.3628738306408215, 6.907755278982137, 3.740196504189692, 1.6950571536345809, 5.875317293848221, 2.437956107999681, -0.47656906049911585]",3.0,,,,0.0,0.0
20-40 km,lognormal,837,2,-29143.474380558728,58290.948761117455,58300.40840925843,"[1.2487618807100882, -0.8855027854824088]",,,,,336.43821809192013,308.0592736689796
20-40 km,compoundgamma,837,3,-29089.165263699542,58184.330527399085,58198.51999961055,"[9.210340371976184, 1.8430237574654218, -6.039764035625556]",,7.315606279603099,,,229.81998437354923,206.1708640211
20-40 km,logskewnormal,837,3,-29040.27116241896,58086.54232483792,58100.73179704939,"[0.8112298598983522, -0.5249819741928664, 15.180021328358709]",,,,,132.03178181238764,108.38266145993839
20-40 km,gig,837,3,-29089.112900550008,58184.225801100016,58198.41527331148,"[-7.313020662787302, -12.345479646752281, 16.208780518364666]",,,-7.313020662787302,4.3493695832700685e-06,229.71525807448052,206.06613772203127
40-60 km,poisson,2280,1,-227587.6760407939,455177.3520815878,455183.08401230973,[1.159392270152559],,,,,7821.509333734808,7805.832811063679
40-60 km,gamma,2280,2,-223771.8072551572,447547.6145103144,447559.07837175834,"[3.123102769948299, 1.8925571424279473]",,,,,191.77176246145973,181.82717051228974
40-60 km,gammamix,2280,8,-223669.92137392648,447355.84274785296,447401.6981936286,"[0.586779226226049, -0.9135385389885389, 6.457688740514166, 3.6886079804121, 2.485773535652308, 5.391728899557616, 2.4421910381474494, 1.0016512408049956]",3.0,,,,0.0,24.446992382523604
40-60 km,lognormal,2280,2,-223739.2817111224,447482.5634222448,447494.0272836887,"[1.2082301028008484, -1.572119836222798]",,,,,126.72067439183593,116.77608244266594
40-60 km,compoundgamma,2280,3,-223714.1958256744,447434.3916513488,447451.5874435146,"[9.210340371976184, 3.1644863108170673, -4.816580047091246]",,24.676578506181404,,,78.54890349583002,74.33624226856045
40-60 km,logskewnormal,2280,3,-223677.02770454012,447360.05540908023,447377.25120124605,"[0.9631233010076142, -1.153042383073875, 4.918161424539949]",,,,,4.212661227269564,0.0
40-60 km,gig,2280,3,-223714.09958793383,447434.19917586766,447451.3949680335,"[-24.626847224520862, -9.313486729340553, 14.398288144376865]",,,-24.626847224520862,9.01994950216874e-05,78.35642801469658,74.14376678742701
