setting,class,order,a,b
bulk,f1,-0.7814014896936866,0.19380071823728223,0.7001943728631971
bulk,f2,-1.1311815144628037,0.38917340518006605,0.020436375087360112
bulk,f3,-1.5415609476438359,1.3913286875765547,0.00027896733781980097
bulk,f4,-0.22102207016777778,2.2713514722743557,0.36194726205411765
gamma,psr,-0.5222758459773216,40.92642959140649,0.021106371084480026
gamma,fsrq,-1.0352327041996991,6.715939779476121,0.024387383539385403
gamma,bll,-1.4921138652922445,9.155418225802407,0.09067572574061136
gamma,bcu,-1.4726091265192882,7.897109452904037,0.09870755544573144
gamma,unassoc,-1.2046366901090457,7.1371696291301605,7.407967918658349e-05
hardxray,sy1,-3.615012566903416,102.39848104605949,0.005939210234993973
hardxray,sy2,0.18865847494541027,39.51006976214751,0.18907029675727688
hardxray,beamed,-3.104298352072834,80.65490843770384,0.0003052071653781891
hardxray,xrb,-0.679346630367514,35.23219586753531,0.0007969471975877462
hardxray,cv,0.08474656975239414,30.777011294159777,0.07770763170222611
hardxray,other,-2.5367379218462176,56.27450530648497,1.8266096889771303e-05
