catalogue,condition,score,law,nlpd,nlpd_sd,diff,diff_se,ahead,episodes,t,p_t,p_wilcoxon,p_t_holm,p_wilcoxon_holm,significant
10,0,integration,compoundgamma,3.0002954962297146,0.030970333222963123,-0.00031328513398677595,3.799661704844196e-05,8,50,-8.245079649784826,8.081544401686204e-11,6.337863567296154e-11,4.848926641011723e-10,3.168931783648077e-10,True
10,0,integration,gamma,3.001448779988597,0.031195324099013537,0.000839998624895788,0.00019140689993340287,41,50,4.3885493427251205,6.062897624586359e-05,2.670359481982132e-06,0.00024251590498345436,1.0681437927928528e-05,True
10,0,integration,gammamix,3.001448779988597,0.031195324099013537,0.000839998624895788,0.00019140689993340287,41,50,4.3885493427251205,6.062897624586359e-05,2.670359481982132e-06,0.00024251590498345436,1.0681437927928528e-05,True
10,0,integration,gig,3.0006087813637015,0.03103671625287097,0.0,0.0,0,50,,,,,,
10,0,integration,lognormal,3.0009847994246117,0.03128008566688614,0.00037601806091041467,0.00015260478789225272,33,50,2.4639991058203488,0.017296165169541553,0.008333363871146915,0.034592330339083106,0.01666672774229383,False
10,0,integration,logskewnormal,3.0008982426840602,0.031199163039481444,0.00028946132035793324,0.00011888028220999687,34,50,2.4348976548239714,0.018583166299399226,0.009116960633276605,0.034592330339083106,0.01666672774229383,False
10,0,integration,poisson,3.0310706723091103,0.046451889038986456,0.03046189094540834,0.004417604931145853,50,50,6.895567036934431,9.628168147360182e-09,1.7763568394002505e-15,4.814084073680091e-08,1.0658141036401503e-14,True
10,0,reading,compoundgamma,2.0198906192870485,0.008912344725989545,-1.1557345228978556e-05,4.040074491403342e-06,9,50,-2.8606762705912505,0.006197534111214998,5.367254770405339e-06,0.030641713418759764,2.6836273852026693e-05,False
10,0,reading,gamma,2.0199568604437466,0.00890697773397523,5.4683811468749785e-05,1.9087913356439934e-05,36,50,2.864839673546632,0.006128342683751953,0.001909205638362721,0.030641713418759764,0.007636822553450884,False
10,0,reading,gammamix,2.0199568604437466,0.00890697773397523,5.4683811468749785e-05,1.9087913356439934e-05,36,50,2.864839673546632,0.006128342683751953,0.001909205638362721,0.030641713418759764,0.007636822553450884,False
10,0,reading,gig,2.0199021766322782,0.008912646324788201,0.0,0.0,0,50,,,,,,
10,0,reading,lognormal,2.0198953682921084,0.008919612383788598,-6.808340169608407e-06,2.1673584760690984e-05,30,50,-0.31413078384506926,0.7547552726345148,0.31832456588976044,1.0,0.31832456588976044,False
10,0,reading,logskewnormal,2.019901470716423,0.008916520343844238,-7.059158551880884e-07,2.171072322424439e-05,31,50,-0.03251461721919017,0.974193744405111,0.13549845162767582,1.0,0.27099690325535164,False
10,0,reading,poisson,2.0229347818758496,0.010819915250671986,0.0030326052435716553,0.0006353245989951412,45,50,4.7733162675711975,1.675388433138191e-05,1.34718902700115e-11,0.00010052330598829147,8.0831341620069e-11,True
10,1,integration,compoundgamma,3.0007662042559007,0.03043609069392944,-0.0003611195014201485,4.170129018587387e-05,7,50,-8.659672154279681,1.9065682922496564e-11,1.5448975432263978e-11,1.1439409753497938e-10,7.724487716131989e-11,True
10,1,integration,gamma,3.0020324006924892,0.030736799920363066,0.0009050769351685783,0.00021373547313090148,37,50,4.234565848665969,0.00010037804986367132,2.6885878247284722e-05,0.00040151219945468527,0.00010754351298913889,True
10,1,integration,gammamix,3.0020324006924892,0.030736799920363066,0.0009050769351685783,0.00021373547313090148,37,50,4.234565848665969,0.00010037804986367132,2.6885878247284722e-05,0.00040151219945468527,0.00010754351298913889,True
10,1,integration,gig,3.001127323757321,0.030508256336966168,0.0,0.0,0,50,,,,,,
10,1,integration,lognormal,3.0015579829009016,0.030781026670881395,0.00043065914358135336,0.00017392814865858377,35,50,2.476075016624972,0.016786183780252737,0.007609452352863144,0.033572367560505474,0.015218904705726288,False
10,1,integration,logskewnormal,3.001439717956304,0.030669574383299033,0.0003123941989831991,0.00012654429873403737,34,50,2.4686548671763475,0.01709790988824284,0.009964281765361349,0.033572367560505474,0.015218904705726288,False
10,1,integration,poisson,3.0310706723091094,0.04645188903898631,0.029943348551789394,0.004357083128505869,49,50,6.872338137385404,1.0460151770267341e-08,5.329070518200751e-15,5.2300758851336704e-08,3.197442310920451e-14,True
10,1,reading,compoundgamma,2.0203916694310893,0.008986218763823611,-1.755185077836341e-05,3.927543445249403e-06,9,50,-4.468913208227758,4.648399257398358e-05,1.6198182883897516e-07,0.00027890395544390145,8.099091441948758e-07,True
10,1,reading,gamma,2.0204616304301286,0.008976580270292368,5.2409148261425285e-05,2.3858341975622388e-05,32,50,2.1966802351552803,0.03280390540659523,0.056738698656332076,0.13121562162638092,0.2269547946253283,False
10,1,reading,gammamix,2.0204616304301286,0.008976580270292368,5.2409148261425285e-05,2.3858341975622388e-05,32,50,2.1966802351552803,0.03280390540659523,0.056738698656332076,0.13121562162638092,0.2269547946253283,False
10,1,reading,gig,2.0204092212818674,0.008985561398074849,0.0,0.0,0,50,,,,,,
10,1,reading,lognormal,2.0204018401947823,0.008989860888689732,-7.381087085014393e-06,2.194094326038883e-05,27,50,-0.33640700845983534,0.7380004373593112,0.7594325529338448,1.0,1.0,False
10,1,reading,logskewnormal,2.02040317001105,0.008986048465700945,-6.051270817493126e-06,2.104603104079266e-05,28,50,-0.2875255104282701,0.774922514515324,0.5852066143769612,1.0,1.0,False
10,1,reading,poisson,2.0229347818758496,0.010819915250672022,0.0025255605939821677,0.0006096820318238717,43,50,4.142422545120644,0.00013528547483751958,3.348859145546612e-08,0.0006764273741875979,2.0093154873279673e-07,True
10,2,integration,compoundgamma,2.99930874682168,0.029875455991432612,-0.00040441436189953884,4.4797251354132344e-05,8,50,-9.027660172776057,5.362012706068983e-12,1.7687185049908294e-11,3.21720762364139e-11,8.843592524954147e-11,True
10,2,integration,gamma,3.0006601392430787,0.030121292173267738,0.0009469780594993704,0.00022116765023369556,39,50,4.281720488953748,8.60780143357183e-05,8.398093875428003e-06,0.0003443120573428732,3.359237550171201e-05,True
10,2,integration,gammamix,3.0006601392430787,0.030121292173267738,0.0009469780594993704,0.00022116765023369556,39,50,4.281720488953748,8.60780143357183e-05,8.398093875428003e-06,0.0003443120573428732,3.359237550171201e-05,True
10,2,integration,gig,2.999713161183579,0.029959934643291882,0.0,0.0,0,50,,,,,,
10,2,integration,lognormal,3.000207386549789,0.030207349422112985,0.0004942253662093599,0.00018427871620484428,35,50,2.6819449168507274,0.009948342668221427,0.003913313547160513,0.018547643031036617,0.007826627094321026,False
10,2,integration,logskewnormal,3.0000585073700723,0.030073148015743324,0.00034534618649237456,0.0001274867350593417,34,50,2.708879369540879,0.009273821515518308,0.00784436585604098,0.018547643031036617,0.00784436585604098,False
10,2,integration,poisson,3.0310706723091103,0.04645188903898631,0.031357511125530826,0.004494660510790733,49,50,6.9766139289603855,7.21075528235286e-09,1.2434497875801753e-14,3.6053776411764296e-08,7.460698725481052e-14,True
10,2,reading,compoundgamma,2.0202357697126776,0.008899889542132479,-2.352575536661572e-05,4.222744759200849e-06,10,50,-5.571199944149111,1.0635784698058828e-06,1.4032918471684752e-07,6.381470818835297e-06,7.016459235842376e-07,True
10,2,reading,gamma,2.0203243643390962,0.008887346535967358,6.506887105226511e-05,2.7612825415418953e-05,31,50,2.356472764859867,0.0224920273373714,0.064886242135481,0.0899681093494856,0.259544968541924,False
10,2,reading,gammamix,2.0203243643390962,0.008887346535967358,6.506887105226511e-05,2.7612825415418953e-05,31,50,2.356472764859867,0.0224920273373714,0.064886242135481,0.0899681093494856,0.259544968541924,False
10,2,reading,gig,2.020259295468044,0.00889841213038326,0.0,0.0,0,50,,,,,,
10,2,reading,lognormal,2.0202668416538017,0.008904636004916575,7.546185757290047e-06,2.2565125047518454e-05,28,50,0.3344180784019152,0.7394913235124101,0.3374027667706141,1.0,0.6366491317795209,False
10,2,reading,logskewnormal,2.020263943277353,0.008901099266954463,4.647809308453432e-06,2.0656470428005737e-05,28,50,0.22500500870429446,0.8229111131448166,0.31832456588976044,1.0,0.6366491317795209,False
10,2,reading,poisson,2.0229347818758496,0.010819915250672002,0.0026754864078053675,0.0006387281754253711,42,50,4.1887715474952785,0.00011646403566810087,8.403119267086367e-08,0.0005823201783405044,5.04187156025182e-07,True
10,5,integration,compoundgamma,2.993987168853891,0.02890020420179941,-0.0005582863064700394,5.785747118194314e-05,6,50,-9.649338193755627,6.495095739461262e-13,3.0890845437170356e-12,3.897057443676758e-12,1.5445422718585178e-11,True
10,5,integration,gamma,2.9955791573609205,0.0290633519961174,0.001033702200559814,0.0002285014812292483,41,50,4.523831508657633,3.8729984546841184e-05,1.3667570399888973e-06,0.00015491993818736474,5.467028159955589e-06,True
10,5,integration,gammamix,2.9955791573609205,0.0290633519961174,0.001033702200559814,0.0002285014812292483,41,50,4.523831508657633,3.8729984546841184e-05,1.3667570399888973e-06,0.00015491993818736474,5.467028159955589e-06,True
10,5,integration,gig,2.9945454551603614,0.029032161792348413,0.0,0.0,0,50,,,,,,
10,5,integration,lognormal,2.9951352529706803,0.02928998683548557,0.0005897978103197765,0.0001940047098785517,38,50,3.0401210913332677,0.003789320222498724,0.0010251160635235124,0.007138052385675246,0.0020502321270470247,True
10,5,integration,logskewnormal,2.9949348723651057,0.02908892658245672,0.0003894172047447775,0.00012719513951857403,36,50,3.0615729989266747,0.003569026192837623,0.0054056035788701,0.007138052385675246,0.0054056035788701,True
10,5,integration,poisson,3.0310706723091094,0.04645188903898643,0.036525217148748894,0.0047246800616941855,50,50,7.730728149167334,4.941047415095523e-10,1.7763568394002505e-15,2.4705237075477615e-09,1.0658141036401503e-14,True
10,5,reading,compoundgamma,2.019280544601208,0.008689639060071593,-5.0962652466739475e-05,6.135287950994955e-06,10,50,-8.30648094658294,6.519234899283769e-11,1.4432899320127035e-10,3.9115409395702614e-10,8.659739592076221e-10,True
10,5,reading,gamma,2.0194582329467754,0.00869188225298256,0.0001267256931004912,3.728241577737456e-05,36,50,3.399074079780977,0.0013518415523142986,0.0004885945525092694,0.005407366209257194,0.0019543782100370777,True
10,5,reading,gammamix,2.0194582329467754,0.00869188225298256,0.0001267256931004912,3.728241577737456e-05,36,50,3.399074079780977,0.0013518415523142986,0.0004885945525092694,0.005407366209257194,0.0019543782100370777,True
10,5,reading,gig,2.019331507253675,0.008695115602800877,0.0,0.0,0,50,,,,,,
10,5,reading,lognormal,2.0193775245648116,0.008702047381889058,4.601731113659468e-05,2.350711942549436e-05,31,50,1.9575903922403681,0.05598610656512734,0.04830953815983641,0.11197221313025468,0.09661907631967281,False
10,5,reading,logskewnormal,2.019365707562878,0.008697115997897275,3.420030920354922e-05,2.125985316361747e-05,31,50,1.6086804052850694,0.11411116489180956,0.07082612042920822,0.11411116489180956,0.09661907631967281,False
10,5,reading,poisson,2.0229347818758496,0.010819915250671875,0.0036032746221747614,0.0006980149405049815,44,50,5.162174064022124,4.425492128448609e-06,3.0854181432005134e-09,2.2127460642243042e-05,1.5427090716002567e-08,True
20,0,integration,compoundgamma,2.98663930366062,0.022941107941240546,-0.00021705900133381917,3.4039334815757e-05,9,50,-6.376711017083135,6.129751245716146e-08,1.370373858833318e-08,3.0648756228580727e-07,4.111121576499954e-08,True
20,0,integration,gamma,2.9874550556987782,0.02295908903782817,0.0005986930368246579,0.00011200164901866108,44,50,5.345394840792987,2.3430616496191465e-06,2.0232171493717033e-10,9.372246598476586e-06,1.0116085746858516e-09,True
20,0,integration,gammamix,2.9877297506631844,0.023094082042281257,0.0008733880012309036,0.0002922032008380819,44,50,2.9889747912613482,0.00436696960127683,2.0232171493717033e-10,0.00873393920255366,1.0116085746858516e-09,True
20,0,integration,gig,2.9868563626619533,0.02301450901601131,0.0,0.0,0,50,,,,,,
20,0,integration,lognormal,2.9870673858467067,0.02300307580055263,0.0002110231847535715,6.550832888185871e-05,35,50,3.221318393484624,0.002268955171633422,0.0018425334424101436,0.006806865514900265,0.003685066884820287,True
20,0,integration,logskewnormal,2.9870328217867264,0.023018570683531164,0.00017645912477336266,6.303977876918997e-05,34,50,2.7991710665648024,0.0073078139490829076,0.004912360514200742,0.00873393920255366,0.004912360514200742,True
20,0,integration,poisson,3.0219619462084046,0.04176098036493231,0.03510558354645149,0.004885590583682822,50,50,7.185535288957521,3.4242348182164326e-09,1.7763568394002505e-15,2.0545408909298595e-08,1.0658141036401503e-14,True
20,0,reading,compoundgamma,2.0178504730166678,0.008280931349060397,-1.3710291635451454e-05,3.1765242702257925e-06,12,50,-4.31612998016757,7.691547138664306e-05,7.518488965629899e-06,0.0003845773569332153,2.2555466896889698e-05,True
20,0,reading,gamma,2.0179094896258216,0.008294576870530401,4.5306317518098995e-05,1.3446883270759438e-05,42,50,3.369280197190277,0.0014758601028626033,1.1287300338835848e-07,0.00442758030858781,4.5149201355343394e-07,True
20,0,reading,gammamix,2.017913907512521,0.008300918338907521,4.972420421776036e-05,1.3839443894295774e-05,43,50,3.592933689933543,0.0007567134990783862,4.578190981874286e-08,0.0030268539963135446,2.289095490937143e-07,True
20,0,reading,gig,2.017864183308304,0.008282519656040132,0.0,0.0,0,50,,,,,,
20,0,reading,lognormal,2.0178796745559713,0.008285530286354635,1.5491247667656082e-05,1.0199472644216005e-05,37,50,1.5188282971121039,0.1352321946693254,0.002996250182501825,0.2704643893386508,0.00599250036500365,False
20,0,reading,logskewnormal,2.0178771292698197,0.008286426158158501,1.2945961516384052e-05,1.0113200341363187e-05,36,50,1.2801053157658528,0.2065353482059991,0.00784436585604098,0.2704643893386508,0.00784436585604098,False
20,0,reading,poisson,2.02144693437809,0.010573400172719292,0.0035827510697866096,0.0007107583570955337,47,50,5.0407442051434765,6.7261041393663804e-06,5.861977570020827e-14,4.035662483619828e-05,3.517186542012496e-13,True
20,1,integration,compoundgamma,2.986440139299838,0.02263115604513551,-0.00023966631228845793,3.704723024022169e-05,9,50,-6.469209998545462,4.407873557173511e-08,1.9077969426462005e-08,2.2039367785867555e-07,9.538984713231002e-08,True
20,1,integration,gamma,2.987273206649925,0.02267805820546454,0.0005934010377979249,0.0001134268139516378,43,50,5.231576354167326,3.4801502931819348e-06,2.070065541204258e-08,1.3920601172727739e-05,9.538984713231002e-08,True
20,1,integration,gammamix,2.9875484467270974,0.022786198554377846,0.0008686411149712559,0.00029673214285335953,43,50,2.9273576722037995,0.005171971017381632,2.070065541204258e-08,0.010343942034763264,9.538984713231002e-08,False
20,1,integration,gig,2.9866798056121264,0.022707494838698362,0.0,0.0,0,50,,,,,,
20,1,integration,lognormal,2.9868927451715597,0.022691276581779603,0.00021293955943305854,6.915972456627623e-05,34,50,3.078953260275019,0.0033994098839003712,0.001909205638362721,0.010198229651701113,0.003818411276725442,False
20,1,integration,logskewnormal,2.986853347746178,0.02271198277916708,0.00017354213405169184,6.523220130285582e-05,34,50,2.660375253105161,0.01052067737796346,0.004912360514200742,0.01052067737796346,0.004912360514200742,False
20,1,integration,poisson,3.0219619462084046,0.04176098036493245,0.035282140596278516,0.004824162267922696,50,50,7.313630561492524,2.170364568061583e-09,1.7763568394002505e-15,1.3022187408369499e-08,1.0658141036401503e-14,True
20,1,reading,compoundgamma,2.018078158694474,0.008369660414754895,-1.7355471744373575e-05,3.321257581211033e-06,12,50,-5.225572338188005,3.553358171934568e-06,8.784112139892386e-07,2.1320149031607407e-05,4.392056069946193e-06,True
20,1,reading,gamma,2.018121748405328,0.0083813855465887,2.6234239109976796e-05,1.2749292728110468e-05,37,50,2.0577015266214604,0.044959520402494284,0.004912360514200742,0.13487856120748284,0.016175791874999845,False
20,1,reading,gammamix,2.0181267100417086,0.008388097542909955,3.1195875490563904e-05,1.3853666031716467e-05,37,50,2.2518137379047776,0.028850272360029537,0.004043947968749961,0.11540108944011815,0.016175791874999845,False
20,1,reading,gig,2.0180955141662182,0.008370583264390856,0.0,0.0,0,50,,,,,,
20,1,reading,lognormal,2.018100178069428,0.008371685768498753,4.66390321019361e-06,1.053082979215871e-05,31,50,0.44288088424583283,0.6598009811443073,0.09908592454842413,1.0,0.19817184909684826,False
20,1,reading,logskewnormal,2.0180970134469756,0.0083727804152649,1.4992807572156154e-06,1.0348781895134818e-05,30,50,0.14487509471239887,0.8854037658220143,0.19427670053532076,1.0,0.19817184909684826,False
20,1,reading,poisson,2.02144693437809,0.010573400172719285,0.003351420211871998,0.0006824564281573897,46,50,4.910819319147927,1.0496892492469688e-05,3.6148861681795097e-12,5.248446246234844e-05,2.1689317009077058e-11,True
20,2,integration,compoundgamma,2.9850371422995834,0.022315247331886133,-0.0002665751012155493,4.057580669790754e-05,9,50,-6.5698041002668806,3.078905722805623e-08,2.2451841275028528e-08,1.5394528614028115e-07,1.1225920637514264e-07,True
20,2,integration,gamma,2.985935060746375,0.022334378190356212,0.0006313433455760098,0.0001267474695250492,43,50,4.981112032782925,8.253655209450842e-06,9.051156624195755e-08,3.301462083780337e-05,2.7153469872587266e-07,True
20,2,integration,gammamix,2.98626650856102,0.022458368964681244,0.000962791160220755,0.0003487487709248764,43,50,2.76070122818626,0.008092950071199702,6.710043898294771e-08,0.016185900142399404,2.6840175593179083e-07,False
20,2,integration,gig,2.9853037174007993,0.022398916744770618,0.0,0.0,0,50,,,,,,
20,2,integration,lognormal,2.9855337337704713,0.02234913609826058,0.0002300163696720947,7.623004478770978e-05,35,50,3.0173978030927144,0.004036519539817271,0.004606102327862516,0.012109558619451814,0.009212204655725031,False
20,2,integration,logskewnormal,2.9854909662164113,0.022370066541411805,0.0001872488156121399,7.248320772319184e-05,34,50,2.583340631491223,0.012819787101283205,0.01186723909238907,0.016185900142399404,0.01186723909238907,False
20,2,integration,poisson,3.0219619462084046,0.041760980364932455,0.03665822880760581,0.004921067352314912,50,50,7.449243463485918,1.3402055712170401e-09,1.7763568394002505e-15,8.041233427302242e-09,1.0658141036401503e-14,True
20,2,reading,compoundgamma,2.0179141785618504,0.008220774865996953,-2.1351411114016727e-05,3.7789922054375884e-06,12,50,-5.650027825750527,8.061872551213999e-07,2.0039570713947796e-07,4.8371235307283995e-06,1.0019785356973898e-06,True
20,2,reading,gamma,2.0179688482630844,0.00823303908202435,3.331829012062748e-05,1.800985464566114e-05,37,50,1.8500032774364665,0.070348019850339,0.01806109651468013,0.21104405955101702,0.05418328954404039,False
20,2,reading,gammamix,2.0179840841881127,0.008253368276348204,4.85542151488616e-05,2.2694829175714462e-05,38,50,2.139439551315021,0.03740723763197646,0.007158095833210254,0.14962895052790584,0.028632383332841016,False
20,2,reading,gig,2.0179355299729638,0.008221278176950798,0.0,0.0,0,50,,,,,,
20,2,reading,lognormal,2.0179451149155443,0.008221116011285114,9.584942580040944e-06,1.1814289780700179e-05,30,50,0.811300785570615,0.42111645195654107,0.11848533640686121,0.8422329039130821,0.23697067281372242,False
20,2,reading,logskewnormal,2.0179414044128814,0.008222441123463622,5.8744399176458015e-06,1.1643026589266135e-05,29,50,0.5045457787635328,0.6161394094266187,0.2910353177271219,0.8422329039130821,0.2910353177271219,False
20,2,reading,poisson,2.02144693437809,0.010573400172719297,0.0035114044051262018,0.0007044989476561043,46,50,4.984257842838208,8.16515211448328e-06,8.060396794462577e-11,4.0825760572416404e-05,4.836238076677546e-10,True
20,5,integration,compoundgamma,2.979932415979931,0.02180320665387935,-0.00034573159913066755,5.210106265908227e-05,10,50,-6.635787860852767,2.4330297648241804e-08,3.094002387626915e-08,1.2165148824120902e-07,1.5470011938134576e-07,True
20,5,integration,gamma,2.980963308929052,0.021777802665327393,0.000685161349991068,0.0001332465232344203,44,50,5.14205799415618,4.744066468846586e-06,4.945666454148068e-08,1.8976265875386343e-05,1.694561291287755e-07,True
20,5,integration,gammamix,2.9812854274870046,0.021889090367796654,0.0010072799079436478,0.00034280190678635943,44,50,2.9383731187102278,0.005018594450822972,4.2364032282193875e-08,0.010037188901645944,1.694561291287755e-07,False
20,5,integration,gig,2.980278147579061,0.021930667656206063,0.0,0.0,0,50,,,,,,
20,5,integration,lognormal,2.9805505192161883,0.02183037141320787,0.00027237163712700684,8.602658633998423e-05,35,50,3.1661332701331593,0.0026569244066184934,0.005579489549422334,0.00797077321985548,0.011158979098844668,False
20,5,integration,logskewnormal,2.980490430264621,0.021858455131028263,0.00021228268555964825,7.693904645186987e-05,35,50,2.7591021119873664,0.008127212992254872,0.01186723909238907,0.010037188901645944,0.01186723909238907,False
20,5,integration,poisson,3.0219619462084046,0.0417609803649323,0.04168379862934366,0.005082505429568098,50,50,8.201427269874234,9.416794611808833e-11,1.7763568394002505e-15,5.6500767670853e-10,1.0658141036401503e-14,True
20,5,reading,compoundgamma,2.01702948268965,0.008054861351770222,-3.343911421997525e-05,5.221295737502574e-06,12,50,-6.404370849901272,5.554276801388615e-08,1.7394549622906652e-07,3.332566080833169e-07,8.697274811453326e-07,True
20,5,reading,gamma,2.0171374451366813,0.008078627055728541,7.452333281089629e-05,2.1313533838064626e-05,39,50,3.49652635630992,0.0010117966405384132,8.237559280566131e-05,0.0030353899216152397,0.0002730100194696661,True
20,5,reading,gammamix,2.0171446292394353,0.008087760744351287,8.170743556487281e-05,2.247908505218083e-05,39,50,3.6348203396715153,0.000666214593334986,6.825250486741652e-05,0.002664858373339944,0.0002730100194696661,True
20,5,reading,gig,2.0170629218038703,0.008056234490071396,0.0,0.0,0,50,,,,,,
20,5,reading,lognormal,2.017095982037546,0.00806104940335318,3.3060233675694665e-05,1.4252926586501657e-05,33,50,2.3195400239417925,0.024576239407365152,0.009116960633276605,0.049152478814730304,0.01823392126655321,False
20,5,reading,logskewnormal,2.0170886454707606,0.008063733067603919,2.5723666890522522e-05,1.3390732791396813e-05,33,50,1.9210051676222895,0.06055903450299256,0.01806109651468013,0.06055903450299256,0.01823392126655321,False
20,5,reading,poisson,2.02144693437809,0.010573400172719424,0.004384012574220151,0.0007337894350980629,47,50,5.974483093551593,2.562086601430526e-07,3.0890845437170356e-12,1.281043300715263e-06,1.8534507262302213e-11,True
40,0,integration,compoundgamma,2.9756695090453205,0.021465577101771556,-8.660399848961831e-05,2.1762705922493315e-05,15,50,-3.979468306838943,0.00022786832632763516,0.0004153236253312542,0.0009114733053105406,0.0012459708759937627,True
40,0,integration,gamma,2.9762678025358644,0.021464021041055062,0.0005116894920540193,6.993886683148819e-05,44,50,7.31623938498878,2.150315245436849e-09,2.8132163265581767e-10,1.0751576227184245e-08,1.1252865306232707e-09,True
40,0,integration,gammamix,2.976496003182644,0.02150091588500314,0.0007398901388341006,0.0002229884067942253,45,50,3.318065497086019,0.0017146583843444967,3.40367733997482e-11,0.005143975153033491,1.70183866998741e-10,True
40,0,integration,gig,2.9757561130438095,0.021476933206947667,0.0,0.0,0,50,,,,,,
40,0,integration,lognormal,2.9758907242520483,0.021456586513240075,0.0001346112082384643,4.210174281956016e-05,33,50,3.1972835142569185,0.002430853645269321,0.001909205638362721,0.005143975153033491,0.003818411276725442,True
40,0,integration,logskewnormal,2.975851975877444,0.021439587588655124,9.586283363389293e-05,4.419619544819718e-05,30,50,2.169029090892105,0.03496127272459254,0.037166605079788084,0.03496127272459254,0.037166605079788084,False
40,0,integration,poisson,3.013232868272455,0.03319641089518484,0.03747675522864616,0.0035351979677127592,50,50,10.601034389282951,2.798494428291939e-14,1.7763568394002505e-15,1.6790966569751633e-13,1.0658141036401503e-14,True
40,0,reading,compoundgamma,2.016378482269359,0.00835615483072552,-4.398637806870553e-06,1.3252936685179083e-06,14,50,-3.318991036748559,0.0017100350520963786,0.00012454807471407037,0.0017100350520963786,0.00016918851597580442,True
40,0,reading,gamma,2.016421770971343,0.00837400634317463,3.889006417721497e-05,7.221638317106052e-06,46,50,5.385213502744277,2.039361316004532e-06,3.3822118439275073e-09,8.157445264018127e-06,1.3528847375710029e-08,True
40,0,reading,gammamix,2.0164271567482466,0.008367882415233868,4.4275841080620995e-05,7.4233448181699575e-06,47,50,5.964405825827732,2.6552694444337135e-07,3.40367733997482e-11,1.3276347222168567e-06,1.70183866998741e-10,True
40,0,reading,gig,2.0163828809071656,0.008359242120861669,0.0,0.0,0,50,,,,,,
40,0,reading,lognormal,2.0163991697457457,0.00836405517346659,1.6288838580158503e-05,4.020974895510151e-06,37,50,4.050967490084739,0.00018146155423049597,5.639617199193481e-05,0.0005443846626914879,0.00016918851597580442,True
40,0,reading,logskewnormal,2.0164016785574583,0.008363956704315403,1.8797650292312616e-05,4.720233188457298e-06,36,50,3.9823562823717626,0.00022578928504128753,6.825250486741652e-05,0.0005443846626914879,0.00016918851597580442,True
40,0,reading,poisson,2.0201117535379183,0.00935136432238545,0.00372887263075234,0.0005482838750607669,48,50,6.800989050314611,1.3493032484812624e-08,8.881784197001252e-15,8.095819490887574e-08,5.3290705182007514e-14,True
40,1,integration,compoundgamma,2.975157103052654,0.021264361913332554,-9.55763162083656e-05,2.455499204085697e-05,14,50,-3.8923374949312337,0.00030006007078528757,0.0002857006608838475,0.0012002402831411503,0.0008571019826515425,True
40,1,integration,gamma,2.9757476207820677,0.021283695220227213,0.0004949414132061048,6.763130771170162e-05,44,50,7.318229233655194,2.1351478334035125e-09,4.3148595807451784e-10,1.0675739167017561e-08,1.7259438322980714e-09,True
40,1,integration,gammamix,2.9759758912109753,0.021275203879993848,0.000723211842114031,0.00022617185346820778,45,50,3.1976208844028,0.002428507555770925,1.616786704516926e-10,0.0072855226673127745,8.08393352258463e-10,True
40,1,integration,gig,2.9752526793688623,0.021275574579740844,0.0,0.0,0,50,,,,,,
40,1,integration,lognormal,2.975383545765879,0.021266902393002902,0.00013086639701726633,4.159964603847821e-05,34,50,3.1458536184711643,0.0028145929010482875,0.001190697289374043,0.0072855226673127745,0.002381394578748086,True
40,1,integration,logskewnormal,2.975337834241016,0.02124293431379422,8.515487215393413e-05,4.7157974402911476e-05,32,50,1.8057364259622817,0.07710434862720404,0.04193213473556767,0.07710434862720404,0.04193213473556767,False
40,1,integration,poisson,3.013232868272455,0.0331964108951849,0.03798018890359385,0.0034794525123039463,50,50,10.915564666938069,1.0144952821168508e-14,1.7763568394002505e-15,6.086971692701105e-14,1.0658141036401503e-14,True
40,1,reading,compoundgamma,2.01641571157303,0.008443507492909135,-5.874773665062172e-06,1.7300228979100936e-06,15,50,-3.3957779819903138,0.0013650581159105584,0.0013303578723942167,0.005460232463642234,0.00399107361718265,True
40,1,reading,gamma,2.0164441377348297,0.00845368633046371,2.2551388134575134e-05,5.295121630028125e-06,35,50,4.258898984810544,9.273211314663774e-05,0.00014253035612021847,0.00046366056573318866,0.0005701214244808739,True
40,1,reading,gammamix,2.016464877493203,0.008428728518165745,4.3291146508019905e-05,2.0232418196951222e-05,36,50,2.139692155757405,0.03738573670213017,2.82830745792495e-05,0.03738573670213017,0.0001414153728962475,False
40,1,reading,gig,2.0164215863466945,0.008447070421056644,0.0,0.0,0,50,,,,,,
40,1,reading,lognormal,2.0164299115521915,0.008448573666244295,8.325205496748645e-06,3.0617528559104747e-06,34,50,2.719097813749887,0.009029117140219988,0.008085622213709343,0.027087351420659964,0.016171244427418685,False
40,1,reading,logskewnormal,2.0164316005190135,0.00844914890871926,1.0014172318686399e-05,4.038611956025238e-06,33,50,2.47960745615735,0.01663959770223181,0.01574343835962111,0.03327919540446362,0.016171244427418685,False
40,1,reading,poisson,2.0201117535379183,0.009351364322385433,0.0036901671912233304,0.0005432009366237539,49,50,6.793374131788935,1.3864730303443381e-08,8.881784197001252e-15,8.318838182066028e-08,5.3290705182007514e-14,True
40,2,integration,compoundgamma,2.973712564813647,0.021137962677498935,-0.00010895697602353316,2.7963789387538585e-05,16,50,-3.8963594852451333,0.0002962890903205568,0.0004885945525092694,0.0011851563612822272,0.0014657836575278083,True
40,2,integration,gamma,2.974358220849877,0.02114196196848537,0.000536699060206276,8.128332379941529e-05,43,50,6.602818820877706,2.7367734860737995e-08,3.0854181432005134e-09,1.3683867430368999e-07,1.2341672572802054e-08,True
40,2,integration,gammamix,2.9745776728071864,0.021114436588312867,0.0007561510175153874,0.00022341285103367954,44,50,3.3845457591935815,0.001411025032577365,1.4492140820721033e-09,0.004233075097732095,7.246070410360517e-09,True
40,2,integration,gig,2.973821521789671,0.021152453612601853,0.0,0.0,0,50,,,,,,
40,2,integration,lognormal,2.9739600493081735,0.02112730038577388,0.00013852751850286892,4.991000052333714e-05,35,50,2.7755463243903518,0.007781179156088865,0.0033148150460355907,0.01556235831217773,0.0066296300920711815,False
40,2,integration,logskewnormal,2.9739101190675274,0.02109170210882415,8.859727785618609e-05,5.862078585527991e-05,31,50,1.5113628478968306,0.13711887752467544,0.06346609527860991,0.13711887752467544,0.06346609527860991,False
40,2,integration,poisson,3.013232868272456,0.033196410895185,0.03941134648278524,0.003588750584832525,50,50,10.981912939102854,8.203278895720697e-15,1.7763568394002505e-15,4.921967337432418e-14,1.0658141036401503e-14,True
40,2,reading,compoundgamma,2.0161924810447847,0.008360707260136957,-7.73979262769231e-06,2.3043213990075203e-06,19,50,-3.3588164528723587,0.0015219246499252107,0.0036632546526647047,0.007609623249626054,0.018316273263323524,False
40,2,reading,gamma,2.016217076676885,0.00837236760402628,1.6855839472591505e-05,9.320174997151405e-06,34,50,1.8085325090723383,0.07666201469317718,0.08401577354329604,0.30664805877270873,0.2520473206298881,False
40,2,reading,gammamix,2.0162439834742387,0.008338845068584845,4.3762636826243376e-05,2.8364952303505345e-05,34,50,1.5428418972111293,0.12930334852533065,0.060701401498306495,0.38791004557599196,0.24280560599322598,False
40,2,reading,gig,2.0162002208374123,0.008364162936966867,0.0,0.0,0,50,,,,,,
40,2,reading,lognormal,2.016205164364813,0.008366371030619353,4.943527400915748e-06,5.247736554308104e-06,28,50,0.9420304067774483,0.3507985253403822,0.47831983611594175,0.4148571090513146,0.7449723834965702,False
40,2,reading,logskewnormal,2.016207372538556,0.008368578722718185,7.1517011435062725e-06,5.597987503442628e-06,28,50,1.2775486081575116,0.2074285545256573,0.3724861917482851,0.4148571090513146,0.7449723834965702,False
40,2,reading,poisson,2.0201117535379183,0.00935136432238544,0.0039115327005058865,0.0005580568490001877,49,50,7.009201136969777,6.419589427089178e-09,5.329070518200751e-15,3.851753656253507e-08,3.197442310920451e-14,True
40,5,integration,compoundgamma,2.9685028428681606,0.02096670119181372,-0.00014970451760178526,3.603878958153322e-05,17,50,-4.153982953925177,0.00013033178701014086,0.00014253035612021847,0.00044200511548536203,0.0004275910683606554,True
40,5,integration,gamma,2.969256028585921,0.02098325323886537,0.0006034812001590151,9.512492889550157e-05,44,50,6.3440909461489605,6.88532082258302e-08,3.348859145546612e-08,3.4426604112915096e-07,1.3395436582186449e-07,True
40,5,integration,gammamix,2.9694312181647278,0.020995620809180833,0.0007786707789660774,0.0001851780111509098,45,50,4.204985106636143,0.00011050127887134051,1.370373858833318e-08,0.00044200511548536203,6.85186929416659e-08,True
40,5,integration,gig,2.9686525473857612,0.020997547960679888,0.0,0.0,0,50,,,,,,
40,5,integration,lognormal,2.968806921123224,0.020983964703730023,0.0001543737374626808,6.1002089284094207e-05,34,50,2.5306303320816337,0.014647734155634293,0.001909205638362721,0.029295468311268585,0.003818411276725442,False
40,5,integration,logskewnormal,2.968737102013218,0.020933367792463575,8.455462745637022e-05,7.137165848734347e-05,32,50,1.1847087380120853,0.2418471182734232,0.055465717070337206,0.2418471182734232,0.055465717070337206,False
40,5,integration,poisson,3.0132328682724556,0.03319641089518508,0.0445803208866941,0.003708135489545264,50,50,12.0223009683395,3.1574253887397034e-16,1.7763568394002505e-15,1.894455233243822e-15,1.0658141036401503e-14,True
40,5,reading,compoundgamma,2.0152416269761604,0.008310811030646207,-1.4303949020484375e-05,3.841313991649804e-06,17,50,-3.723712524302388,0.0005072738321855195,0.001235703558341683,0.002029095328742078,0.0037071106750250493,True
40,5,reading,gamma,2.015306215751211,0.008332579014604682,5.028482602976947e-05,1.2461008367426203e-05,39,50,4.0353737472175135,0.0001907285267118842,0.00010867611974241242,0.0009536426335594211,0.0004347044789696497,True
40,5,reading,gammamix,2.015331018270291,0.008304435728260059,7.50873451098899e-05,2.6438056599842773e-05,40,50,2.8401234722500917,0.0065498455752543445,4.878706765687468e-05,0.019649536725763035,0.00024393533828437342,False
40,5,reading,gig,2.0152559309251816,0.008315366020246776,0.0,0.0,0,50,,,,,,
40,5,reading,lognormal,2.015276000337412,0.00832588295087019,2.006941223082759e-05,7.820953749260817e-06,31,50,2.5661080316098803,0.013393151759801202,0.027545164283727885,0.026786303519602404,0.05509032856745577,False
40,5,reading,logskewnormal,2.015270709392599,0.008326051007522166,1.4778467417966291e-05,7.909822873945957e-06,30,50,1.8683689449791416,0.0676955564638162,0.13549845162767582,0.0676955564638162,0.13549845162767582,False
40,5,reading,poisson,2.0201117535379183,0.009351364322385397,0.00485582261273711,0.0005830347131643915,50,50,8.328530880060944,6.035663573936223e-11,1.7763568394002505e-15,3.621398144361734e-10,1.0658141036401503e-14,True
100,0,integration,compoundgamma,2.9693738728311376,0.02114597185582735,-1.70930387694046e-05,1.094452221812864e-05,23,50,-1.5617893982700757,0.12477370404566396,0.4151920088524754,0.16254666191713432,0.4981697981383313,False
100,0,integration,gamma,2.969906790568171,0.021114060233033017,0.0005158246982635717,7.709294470110471e-05,45,50,6.690945588645806,1.9983126902735523e-08,2.5226754019058717e-10,9.991563451367761e-08,1.2613377009529358e-09,True
100,0,integration,gammamix,2.970071076332068,0.021328170601724494,0.0006801104621610587,0.00015923944043363207,45,50,4.270992539970119,8.914596235390987e-05,3.7055123414120317e-09,0.0003565838494156395,1.4822049365648127e-08,True
100,0,integration,gig,2.9693909658699074,0.021154049902256472,0.0,0.0,0,50,,,,,,
100,0,integration,lognormal,2.969511629003346,0.021079047033806173,0.00012066313343868985,5.0768405933818236e-05,30,50,2.3767366971495316,0.02141704600036252,0.0857934137886982,0.06425113800108756,0.2573802413660946,False
100,0,integration,logskewnormal,2.9694793551763667,0.021068249723795066,8.838930645921117e-05,4.9656238884818746e-05,29,50,1.7800241912045853,0.08127333095856716,0.24908489906916564,0.16254666191713432,0.4981697981383313,False
100,0,integration,poisson,3.0071283797452724,0.030663012582251886,0.03773741387536529,0.0022739622902364265,50,50,16.595444013032285,9.478006614546227e-22,1.7763568394002505e-15,5.686803968727736e-21,1.0658141036401503e-14,True
100,0,reading,compoundgamma,2.0156635183821345,0.008395789190701494,-1.0911598838658776e-06,6.167463090931253e-07,21,50,-1.7692199657754555,0.08308057061825987,0.023585311964122724,0.13150263303141693,0.023585311964122724,False
100,0,reading,gamma,2.015707837117543,0.008401418929254738,4.322757552414735e-05,1.3102964720210927e-05,44,50,3.299068298449291,0.0018122125139954542,2.0232171493717033e-10,0.007248850055981817,1.0116085746858516e-09,True
100,0,reading,gammamix,2.015719701598753,0.008411456153942875,5.5092056734125095e-05,1.595815691460641e-05,44,50,3.4522819288548074,0.0011546176802623047,2.5226754019058717e-10,0.005773088401311524,1.0116085746858516e-09,True
100,0,reading,gig,2.0156646095420188,0.008396055519513078,0.0,0.0,0,50,,,,,,
100,0,reading,lognormal,2.0156825908904366,0.008398752510278277,1.7981348417719368e-05,8.690494114557972e-06,34,50,2.0690823997680092,0.04383421101047231,0.0005966978973450665,0.13150263303141693,0.0017900936920351995,False
100,0,reading,logskewnormal,2.015682750819461,0.008396063501380639,1.814127744244054e-05,8.833810926849086e-06,32,50,2.0536184884037714,0.0453693170955985,0.002049094724295486,0.13150263303141693,0.004098189448590972,False
100,0,reading,poisson,2.0190842839823846,0.008917206764729872,0.003419674440366265,0.00032737427542067884,50,50,10.445764060025647,4.639342237561583e-14,1.7763568394002505e-15,2.78360534253695e-13,1.0658141036401503e-14,True
100,1,integration,compoundgamma,2.968867220748228,0.021175948483037818,-1.790918041095324e-05,1.0991393423259037e-05,25,50,-1.6293821648723246,0.10964504368093687,0.6947463342363385,0.21929008736187375,0.6947463342363385,False
100,1,integration,gamma,2.969346650654564,0.02113972405076323,0.00046152072592480663,7.274914434257148e-05,44,50,6.344002119826076,6.887500219869542e-08,5.310079487230723e-09,3.4437501099347713e-07,2.6550397436153617e-08,True
100,1,integration,gammamix,2.96950769021665,0.021320235348671588,0.0006225602880111581,0.00013749049325902004,44,50,4.528024252835497,3.819294760669695e-05,1.370373858833318e-08,0.0001527717904267878,5.481495435333272e-08,True
100,1,integration,gig,2.9688851299286387,0.02118558829302748,0.0,0.0,0,50,,,,,,
100,1,integration,lognormal,2.968989463825187,0.0211175277173604,0.00010433389654762593,4.981343750364901e-05,27,50,2.0944930078351467,0.04140980437824867,0.15714035289247086,0.124229413134746,0.4714210586774126,False
100,1,integration,logskewnormal,2.9689562887953502,0.021108280013896766,7.11588667116203e-05,4.6876023950752985e-05,26,50,1.51802266306499,0.13543479568100453,0.2910353177271219,0.21929008736187375,0.5820706354542438,False
100,1,integration,poisson,3.0071283797452724,0.03066301258225192,0.038243249816634385,0.0022682153769750593,50,50,16.86050196328199,4.884164390078488e-22,1.7763568394002505e-15,2.930498634047093e-21,1.0658141036401503e-14,True
100,1,reading,compoundgamma,2.0156631552897353,0.008429364878999758,-1.0933054312101121e-06,7.883805421179492e-07,21,50,-1.3867737378106717,0.171787674889183,0.3325668996889135,0.515363024667549,0.9977006990667405,False
100,1,reading,gamma,2.0156840489145207,0.00843041348682663,1.980031935360227e-05,1.0902518423721664e-05,33,50,1.8161234481861364,0.07547188737163123,0.01574343835962111,0.3018875494865249,0.06297375343848444,False
100,1,reading,gammamix,2.015731523863828,0.008466393479574412,6.727526866149081e-05,2.432806812082301e-05,36,50,2.7653354276786244,0.007994408272003907,0.00029800364072762875,0.039972041360019535,0.0014900182036381437,False
100,1,reading,gig,2.015664248595167,0.008430185593650427,0.0,0.0,0,50,,,,,,
100,1,reading,lognormal,2.015671852210229,0.00842782157528309,7.603615062037328e-06,6.9313722455533084e-06,25,50,1.0969855308110577,0.2780096105608744,0.9237813566146151,0.5560192211217488,1.0,False
100,1,reading,logskewnormal,2.015671401605004,0.008432687014771784,7.15300983716638e-06,6.885637257240249e-06,26,50,1.0388304771130645,0.30398273641627843,0.7448958960780061,0.5560192211217488,1.0,False
100,1,reading,poisson,2.0190842839823846,0.008917206764729875,0.0034200353872181877,0.00032842230784083093,50,50,10.413529488002075,5.154602948956118e-14,1.7763568394002505e-15,3.0927617693736704e-13,1.0658141036401503e-14,True
100,2,integration,compoundgamma,2.967105354709486,0.021027695580717248,-1.8459400514245772e-05,1.2020450471356604e-05,24,50,-1.5356662845733169,0.13105277148542638,0.5462652589115535,0.26210554297085276,0.6555504405569721,False
100,2,integration,gamma,2.967622181478239,0.020973043008749453,0.0004983673682396983,8.200337830417559e-05,44,50,6.077400450394878,1.7782302664828035e-07,1.9077969426462005e-08,8.891151332414018e-07,9.538984713231002e-08,True
100,2,integration,gammamix,2.9677854479227266,0.021169131290186882,0.0006616338127273913,0.0001473935640627929,44,50,4.488892150308006,4.3501915703061584e-05,3.348859145546612e-08,0.00017400766281224633,1.3395436582186449e-07,True
100,2,integration,gig,2.96712381411,0.02103916433631477,0.0,0.0,0,50,,,,,,
100,2,integration,lognormal,2.9672306118745393,0.020949604394707923,0.00010679776454010081,5.552842340502948e-05,27,50,1.923299060034678,0.060263210954502454,0.215052456193769,0.18078963286350735,0.645157368581307,False
100,2,integration,logskewnormal,2.9671956201486,0.020937950362653647,7.180603860023283e-05,5.191568527384566e-05,27,50,1.383128012689599,0.17289584949674525,0.32777522027848605,0.26210554297085276,0.6555504405569721,False
100,2,integration,poisson,3.0071283797452724,0.030663012582251938,0.04000456563527321,0.002337286158599593,50,50,17.115818483793323,2.5970413002580497e-22,1.7763568394002505e-15,1.5582247801548297e-21,1.0658141036401503e-14,True
100,2,reading,compoundgamma,2.015353360154009,0.00833753901200422,-1.070020025846219e-06,8.884513621396694e-07,23,50,-1.2043653388850408,0.23423374164783256,0.42072286282100535,0.9369349665913302,1.0,False
100,2,reading,gamma,2.0153611958965043,0.008339081990392435,6.765722469377344e-06,1.0299996975163154e-05,26,50,0.6568664520671059,0.5143402306574166,0.6736344940466168,1.0,1.0,False
100,2,reading,gammamix,2.015431288219494,0.008380591510672882,7.685804545896513e-05,2.8892730838970106e-05,30,50,2.6601170338423006,0.010527708316326292,0.026848578410895385,0.05263854158163146,0.13424289205447693,False
100,2,reading,gig,2.015354430174035,0.008338415146874766,0.0,0.0,0,50,,,,,,
100,2,reading,lognormal,2.0153538410596687,0.008335530477537939,-5.891143662362098e-07,6.298388395559953e-06,21,50,-0.09353414385360956,0.9258606369444309,0.32777522027848605,1.0,1.0,False
100,2,reading,logskewnormal,2.0153569710192754,0.008342547004363697,2.540845240028844e-06,6.2678818297126975e-06,25,50,0.4053754217228613,0.6869661459244104,0.9313837099567692,1.0,1.0,False
100,2,reading,poisson,2.0190842839823855,0.008917206764729811,0.0037298538083498966,0.0003417058286895627,50,50,10.91539416419625,1.0150500165315903e-14,1.7763568394002505e-15,6.090300099189541e-14,1.0658141036401503e-14,True
100,5,integration,compoundgamma,2.961590422601946,0.020747953474532718,-2.139304342045456e-05,1.5472247081270236e-05,25,50,-1.3826720390441334,0.1730348365219358,0.7961309923635564,0.3460696730438716,0.9566396722318835,False
100,5,integration,gamma,2.9621671919779864,0.020663879448032586,0.000555376332619808,0.00010048254534468887,40,50,5.527092598168973,1.2415845073290036e-06,1.8673260271384606e-07,6.207922536645018e-06,9.336630135692303e-07,True
100,5,integration,gammamix,2.962301966113962,0.020899551209933316,0.0006901504685951565,0.0001607992448741505,40,50,4.292000681566028,8.323468834615114e-05,3.486415511844143e-07,0.00033293875338460456,1.3945662047376572e-06,True
100,5,integration,gig,2.961611815645367,0.020763961335417105,0.0,0.0,0,50,,,,,,
100,5,integration,lognormal,2.9617279757058905,0.02066860874678779,0.00011616006052406647,6.631973038919926e-05,27,50,1.7515158738188135,0.08611445222302688,0.2910353177271219,0.25834335666908065,0.8731059531813656,False
100,5,integration,logskewnormal,2.96168941019176,0.020646771750882094,7.759454639339581e-05,6.510730459185591e-05,27,50,1.1917947898445467,0.23908211652032413,0.47831983611594175,0.3460696730438716,0.9566396722318835,False
100,5,integration,poisson,3.0071283797452724,0.030663012582251944,0.045516564099906294,0.0023579050809400762,50,50,19.303815267135025,1.5105603509050222e-24,1.7763568394002505e-15,9.063362105430133e-24,1.0658141036401503e-14,True
100,5,reading,compoundgamma,2.014268536674514,0.008164542698060469,-1.4791473989506087e-06,1.4288741437306912e-06,23,50,-1.0351838231802961,0.3056650766643752,0.6596977023333945,0.8638031992706614,1.0,False
100,5,reading,gamma,2.014301972400193,0.008178180224252294,3.1956578279865864e-05,1.3505965519431478e-05,31,50,2.36610838624524,0.02197497884094975,0.033687793845592395,0.087899915363799,0.13475117538236958,False
100,5,reading,gammamix,2.014342838289657,0.008217757056858661,7.282246774399148e-05,2.624106153871904e-05,32,50,2.7751342161421686,0.007789682308480177,0.0036632546526647047,0.03894841154240088,0.018316273263323524,False
100,5,reading,gig,2.014270015821913,0.008164982770750423,0.0,0.0,0,50,,,,,,
100,5,reading,lognormal,2.01427720180585,0.008169237390616237,7.185983936688345e-06,8.277468232423309e-06,27,50,0.8681379058080153,0.38955092632819033,0.6596977023333945,0.8638031992706614,1.0,False
100,5,reading,logskewnormal,2.014278372841452,0.008176120968117236,8.35701953907364e-06,7.778780123595552e-06,29,50,1.074335487864492,0.2879343997568871,0.4490067617286915,0.8638031992706614,1.0,False
100,5,reading,poisson,2.0190842839823855,0.008917206764729759,0.004814268160472075,0.0003511221896243743,50,50,13.711090619542766,2.1452038499366135e-18,1.7763568394002505e-15,1.2871223099619681e-17,1.0658141036401503e-14,True
400,0,integration,compoundgamma,2.9645883371099084,0.02056894770152464,-7.487415982314615e-06,1.7367348106963677e-05,30,50,-0.43112028020630466,0.6682716844575782,0.24908489906916564,0.6682716844575782,0.24908489906916564,False
400,0,integration,gamma,2.9652248872567624,0.020569507794917206,0.0006290627308716612,5.6989723499127544e-05,48,50,11.038178328436555,6.853884888087176e-15,7.94031507211912e-13,3.426942444043588e-14,3.97015753605956e-12,True
400,0,integration,gammamix,2.965157726788767,0.020431720583171206,0.000561902262877263,0.00014080097630135948,39,50,3.9907554452932983,0.00021984650066595297,6.206318512269604e-05,0.0006595395019978589,0.00024825274049078416,True
400,0,integration,gig,2.9645958245258903,0.020556803989163062,0.0,0.0,0,50,,,,,,
400,0,integration,lognormal,2.9647818635365724,0.020546232385514184,0.000186039010682002,4.224421418864169e-05,40,50,4.403893272845464,5.76378495407544e-05,6.508990648690371e-05,0.0002305513981630176,0.00024825274049078416,True
400,0,integration,logskewnormal,2.964685998509391,0.020595523598777407,9.017398350063211e-05,5.591388467727636e-05,32,50,1.6127297185859668,0.11322615065059247,0.0857934137886982,0.22645230130118493,0.1715868275773964,False
400,0,integration,poisson,2.999570323141127,0.027264450935643586,0.034974498615236715,0.0012903981993745606,50,50,27.103648030653176,3.7365189557558854e-31,1.7763568394002505e-15,2.2419113734535312e-30,1.0658141036401503e-14,True
400,0,reading,compoundgamma,2.0150248137513413,0.008428251560317793,-4.572982464523534e-06,4.3593835781783196e-06,21,50,-1.048997497585306,0.2993258314206332,0.24908489906916564,0.8979774942618995,0.24908489906916564,False
400,0,reading,gamma,2.0150623082299695,0.008433866411665575,3.292149616346496e-05,3.846719967838506e-06,46,50,8.558329287994347,2.7099829004280657e-11,7.638334409421077e-14,1.3549914502140329e-10,3.8191672047105385e-13,True
400,0,reading,gammamix,2.0150466752908893,0.008435343634315272,1.728855708324595e-05,9.124392147588264e-06,35,50,1.894762610330773,0.06403249187354577,0.0027053239960554976,0.2561299674941831,0.005410647992110995,False
400,0,reading,gig,2.015029386733806,0.008427575271675366,0.0,0.0,0,50,,,,,,
400,0,reading,lognormal,2.0150352519062205,0.008430713243869167,5.865172414796227e-06,6.126389545154333e-06,43,50,0.9573619783017691,0.34308450406828195,5.215646012857178e-07,0.8979774942618995,2.086258405142871e-06,False
400,0,reading,logskewnormal,2.0150343331011804,0.008429888204255985,4.9463673746696916e-06,6.149840701062112e-06,39,50,0.8043082114005694,0.42510417240867465,2.0810681753857807e-05,0.8979774942618995,6.243204526157342e-05,False
400,0,reading,poisson,2.0178276327551417,0.008930040308701955,0.0027982460213356888,0.00016073109382443428,50,50,17.409487826868137,1.2664308107458135e-22,1.7763568394002505e-15,7.598584864474881e-22,1.0658141036401503e-14,True
400,1,integration,compoundgamma,2.963953910436979,0.02034913384799849,-8.885172255430618e-06,1.5796930811371732e-05,30,50,-0.5624619340001447,0.5763656763112474,0.174987615360088,0.5763656763112474,0.18261155212253044,False
400,1,integration,gamma,2.9645458480325915,0.020359369631129432,0.0005830524233558254,5.82153671164855e-05,47,50,10.015438401155695,1.9126155215186225e-13,2.022026990289305e-11,9.563077607593112e-13,1.0110134951446526e-10,True
400,1,integration,gammamix,2.964530448015271,0.020224228598366735,0.0005676524060352772,0.00016070454942960426,38,50,3.532273405140495,0.0009088759402258548,0.0001628744437223162,0.0027266278206775647,0.0004886233311669486,True
400,1,integration,gig,2.963962795609236,0.020341311547301788,0.0,0.0,0,50,,,,,,
400,1,integration,lognormal,2.964136006432056,0.020339147536703954,0.0001732108228207796,4.0749123071220315e-05,38,50,4.250663812275076,9.525406021839043e-05,0.00010381446904439429,0.00038101624087356174,0.00041525787617757715,True
400,1,integration,logskewnormal,2.9640561224865354,0.02040982392109044,9.332687730049471e-05,5.243246862584617e-05,31,50,1.7799443693270998,0.08128656133145462,0.09130577606126522,0.16257312266290924,0.18261155212253044,False
400,1,integration,poisson,2.999570323141127,0.02726445093564373,0.03560752753189207,0.0012940364633990374,50,50,27.516633834538176,1.86255582303522e-31,1.7763568394002505e-15,1.117533493821132e-30,1.0658141036401503e-14,True
400,1,reading,compoundgamma,2.0149591746088436,0.008397665786026298,-3.607456574012957e-06,3.5336733893558636e-06,25,50,-1.0208800238526128,0.31232532405414204,0.7594325529338448,0.6246506481082841,0.7594325529338448,False
400,1,reading,gamma,2.0149861598230445,0.008399964992826928,2.337775762667693e-05,5.349978555877662e-06,35,50,4.369691837548276,6.451294765341911e-05,0.000251529064962952,0.0003225647382670956,0.00125764532481476,True
400,1,reading,gammamix,2.014997810794757,0.008408051541874195,3.502872933903056e-05,1.795754704858129e-05,36,50,1.950641100606107,0.056831197827903544,0.001909205638362721,0.22732479131161418,0.007370133769640574,False
400,1,reading,gig,2.014962782065418,0.008397440616400884,0.0,0.0,0,50,,,,,,
400,1,reading,lognormal,2.014966006629096,0.008397016225682558,3.224563678410064e-06,5.926030303341509e-06,30,50,0.54413553649765,0.5888158197847746,0.022974872408266123,0.6246506481082841,0.045949744816532245,False
400,1,reading,logskewnormal,2.014970613719326,0.008398047384081163,7.831653907719449e-06,6.105422193546068e-06,33,50,1.2827374847227027,0.20561878946265044,0.0018425334424101436,0.6168563683879513,0.007370133769640574,False
400,1,reading,poisson,2.0178276327551417,0.00893004030870196,0.002864850689723566,0.0001737522501178296,50,50,16.48813576676432,1.24224591455632e-21,1.7763568394002505e-15,7.45347548733792e-21,1.0658141036401503e-14,True
400,2,integration,compoundgamma,2.9623012572411556,0.020274787286095684,2.4583257912880185e-07,1.6348561460017493e-05,34,50,0.015036954763880419,0.9880637578657807,0.12799334338745183,0.9880637578657807,0.16803154708659207,False
400,2,integration,gamma,2.9629551017137867,0.020282537169164998,0.0006540903052099623,7.254186667615524e-05,46,50,9.01672834157939,5.566848827459466e-12,6.337863567296154e-11,2.7834244137297328e-11,3.168931783648077e-10,True
400,2,integration,gammamix,2.962838127637076,0.020141342139531917,0.0005371162284985065,0.0001964197240671208,37,50,2.7345330569498327,0.008670733222776254,0.0024399375469918994,0.02601219966832876,0.007319812640975698,False
400,2,integration,gig,2.9623010114085764,0.020264119162058728,0.0,0.0,0,50,,,,,,
400,2,integration,lognormal,2.962502375741187,0.02026124955069326,0.00020136433260988795,4.817252195977941e-05,38,50,4.180066237304592,0.00011979334617803185,0.00012454807471407037,0.0004791733847121274,0.0004981922988562815,True
400,2,integration,logskewnormal,2.9623988140746813,0.020337264963130475,9.780266610461829e-05,5.608464779812953e-05,31,50,1.7438402476315469,0.08745817810433225,0.08401577354329604,0.1749163562086645,0.16803154708659207,False
400,2,integration,poisson,2.999570323141127,0.0272644509356436,0.037269311732550214,0.001354363796378401,50,50,27.517947417236922,1.8584632464909454e-31,1.7763568394002505e-15,1.1150779478945671e-30,1.0658141036401503e-14,True
400,2,reading,compoundgamma,2.014660465548582,0.00828401348619431,-2.7494080683698742e-06,3.0335269901270394e-06,25,50,-0.9063404008990648,0.36919118133071993,0.7813934753886187,0.7383823626614399,1.0,False
400,2,reading,gamma,2.014677625026705,0.00828333621882852,1.4410070054293734e-05,7.829966937557606e-06,24,50,1.8403743169302134,0.0717734605898891,0.18125476399734453,0.2870938423595564,0.5437642919920336,False
400,2,reading,gammamix,2.0147289482504176,0.008289023330508846,6.573329376699633e-05,2.9342286093995358e-05,30,50,2.24022400832797,0.02964441875510182,0.01958777690517799,0.1482220937755091,0.09793888452588995,False
400,2,reading,gig,2.0146632149566504,0.008283780221075242,0.0,0.0,0,50,,,,,,
400,2,reading,lognormal,2.0146614771636653,0.008279951587264333,-1.7377929852813168e-06,6.702839376218056e-06,23,50,-0.2592622152706025,0.7965190728324814,0.7961309923635564,0.7965190728324814,1.0,False
400,2,reading,logskewnormal,2.014673838607157,0.008278266199027814,1.0623650506542682e-05,8.56002211146134e-06,30,50,1.241077460806821,0.22048606555176992,0.07885790741956278,0.6614581966553097,0.3154316296782511,False
400,2,reading,poisson,2.017827632755141,0.008930040308701974,0.003164417798490966,0.00019662089136552598,50,50,16.09400596505378,3.3913752104719776e-21,1.7763568394002505e-15,2.0348251262831865e-20,1.0658141036401503e-14,True
400,5,integration,compoundgamma,2.9568010908868945,0.019838725604665177,7.956620661797586e-06,1.3972934484717041e-05,32,50,0.5694309001806439,0.5716650851600198,0.038081706053025854,0.5716650851600198,0.07616341210605171,False
400,5,integration,gamma,2.9575197982690167,0.019771511049075954,0.0007266640027836146,9.73699405136701e-05,44,50,7.4629192433530935,1.2766665314215049e-09,2.1246773229677274e-09,6.383332657107524e-09,1.0623386614838637e-08,True
400,5,integration,gammamix,2.957158885471106,0.019709358714514687,0.0003657512048737921,0.00020880929303803463,35,50,1.7516040572349931,0.08609911492695105,0.016637745581261854,0.1721982298539021,0.04991323674378556,False
400,5,integration,gig,2.9567931342662326,0.01983322921280644,0.0,0.0,0,50,,,,,,
400,5,integration,lognormal,2.957026794836604,0.01979057855677637,0.0002336605703710326,5.5256104343777766e-05,38,50,4.228683385229354,0.00010231652429417394,9.040639391599825e-05,0.00040926609717669576,0.000361625575663993,True
400,5,integration,logskewnormal,2.956928469892578,0.01991175927469501,0.00013533562634548523,6.653843285085041e-05,31,50,2.033946706392192,0.04738947334558586,0.043975372036140215,0.1421684200367576,0.07616341210605171,False
400,5,integration,poisson,2.999570323141127,0.027264450935643655,0.042777188874894706,0.0015075289162715245,50,50,28.37570040161671,4.50585158526126e-32,1.7763568394002505e-15,2.703510951156756e-31,1.0658141036401503e-14,True
400,5,reading,compoundgamma,2.013550030947408,0.008106262176262372,-2.232809635898114e-06,2.0506799811916592e-06,29,50,-1.0888142744732987,0.2815620553354569,0.38817752503383396,0.3438221733062129,0.5999092143754794,False
400,5,reading,gamma,2.013593700407426,0.008109700662499955,4.143665038246258e-05,1.316294423154847e-05,33,50,3.1479773562474507,0.002797677656319983,0.004459422606641894,0.013988388281599914,0.02229711303320947,False
400,5,reading,gammamix,2.013613379687512,0.008126247934807823,6.11159304679365e-05,2.911690455192916e-05,35,50,2.0989844699644498,0.040993670121729615,0.007158095833210254,0.16397468048691846,0.028632383332841016,False
400,5,reading,gig,2.013552263757044,0.00810536403283208,0.0,0.0,0,50,,,,,,
400,5,reading,lognormal,2.0135627542048335,0.00810704295178052,1.0490447789517354e-05,7.566862908327769e-06,25,50,1.3863668361127583,0.17191108665310645,0.2999546071877397,0.3438221733062129,0.5999092143754794,False
400,5,reading,logskewnormal,2.0135697852933254,0.008112916613051547,1.7521536281259743e-05,8.989462003480913e-06,30,50,1.9491195662738245,0.05701768206292821,0.08054833435456032,0.17105304618878464,0.24164500306368097,False
400,5,reading,poisson,2.017827632755141,0.00893004030870195,0.004275368998097195,0.00024017987757791307,50,50,17.800696050027287,4.931640609421223e-23,1.7763568394002505e-15,2.9589843656527336e-22,1.0658141036401503e-14,True
