import_id,first_date
61987,2024-01-10
62045,2024-01-17
62055,2024-01-20
62058,2024-01-22
62063,2024-01-25
62144,2024-02-02
62152,2024-02-05
62269,2024-02-17
62353,2024-02-24
62364,2024-02-26
62383,2024-03-01
62432,2024-03-09
62539,2024-03-25
62568,2024-03-28
62577,2024-03-31
62604,2024-04-03
62675,2024-04-10
62697,2024-04-13
62731,2024-04-21
62815,2024-04-29
62872,2024-05-09
62928,2024-05-12
63062,2024-05-31
63253,2024-06-12
63257,2024-06-14
63277,2024-06-17
63377,2024-06-27
63509,2024-07-05
63515,2024-07-07
63639,2024-07-10
63824,2024-07-26
64226,2024-07-18
64538,2024-08-23
64717,2024-09-18
64798,2024-09-23
64800,2024-09-23
64878,2024-09-29
64974,2024-10-02
65011,2024-10-03
65014,2024-10-03
65036,2024-10-04
65060,2024-10-06
65144,2024-10-07
65312,2024-10-21
65452,2024-10-28
65558,2024-11-04
65570,2024-11-14
65704,2024-11-17
65721,2024-11-23
65723,2024-11-17
65889,2024-12-04
65928,2024-12-09
65929,2024-12-06
66001,2024-12-15
66073,2024-12-18
66095,2024-12-21
66119,2024-12-15
66170,2024-12-26
66171,2024-12-23
66399,2024-12-15
66486,2024-12-30
66702,2025-01-21
66703,2025-01-22
66741,2024-12-15
66955,2025-02-26
67056,2024-12-22
67290,2025-03-07
67375,2025-04-17
67634,2025-04-01
67636,2025-04-02
67637,2025-04-02
67638,2025-04-02
67639,2025-04-02
67640,2025-04-04
67641,2025-04-04
67670,2025-05-05
67891,2025-05-10
67893,2025-05-11
67907,2025-05-02
67976,2025-05-22
68160,2025-06-01
68214,2025-06-21
68373,2025-06-27
68660,2025-07-29
69140,2025-09-27
69144,2025-09-28
69539,2025-11-15
69585,2025-11-21
69586,2025-11-22
69588,2025-11-23
69590,2025-11-24
69643,2025-11-26
69644,2025-11-24
69647,2025-11-25
69648,2025-11-25
69654,2025-11-23
69761,2025-12-13
69765,2025-12-13
69766,2025-12-13
69767,2025-12-13
69768,2025-12-13
69774,2025-12-13
70271,2026-01-27
70273,2026-01-28
70401,2026-02-18
70479,2026-02-27
70543,2026-03-06
70859,2026-04-11
71420,2026-05-21
71962,2026-07-05
72607,2026-08-08
72639,2026-08-16
72656,2026-08-17
72734,2026-08-21
72768,2026-08-29
73038,2026-09-07
73039,2026-09-09
73040,2026-09-11
73290,2026-09-25
73383,2026-09-30
