setting,agent,episode,spent,rounds,act_seconds,observe_seconds,nlpd,regret_top1,regret_top2,regret_top3,regret_top4,regret_top5,rate_rmse,rate_dex,touched,nlpd_obs,nlpd_unobs,mean_dwell,frac_shortest
gamma,eig,0,15.0,30.0,7.1747713997610845,8.249998791143298e-05,5.9635082021004,0.0,0.10454931088924224,0.16175986909055384,0.14964233906113267,0.1638049175273053,16.582747136524365,0.46268259632235903,0.15625,6.518022707055197,5.8608203308124756,0.5,1.0
gamma,eig,0,30.0,60.0,7.369159099820536,0.00016950024291872978,5.851684493842426,0.05890372115342679,0.0,0.0,0.004524531505748719,0.0,11.589037054510639,0.3993271720244978,0.3125,6.064960284406794,5.754740952676803,0.5,1.0
gamma,eig,0,60.0,120.0,7.774653600004967,0.000361500249709934,5.599202140029789,0.05890372115342679,0.0,0.0,0.004524531505748719,0.0,5.737196822926965,0.29071746093189316,0.625,5.7022510411512375,5.42745397149404,0.5,1.0
gamma,eig,0,90.0,180.0,7.97232789976988,0.0004740001168102026,5.46379709204498,0.05890372115342679,0.0,0.0,0.004524531505748719,0.0,4.901890200794346,0.23302039509886135,0.9270833333333334,5.521287732715218,4.732844660666222,0.5,1.0
gamma,eig,0,120.0,240.0,8.375893599935807,0.0006251002196222544,5.395046555189058,0.05890372115342679,0.0,0.0,0.0,0.0,4.085042785693998,0.22242242906277468,1.0,5.395046555189058,nan,0.5,1.0
gamma,eig,1,15.0,30.0,7.126182000094559,7.740006549283862e-05,5.934228659759236,0.0,0.2669328674819066,0.2271591531806001,0.24640826106759128,0.21524105439975838,13.231822693635674,0.4552903533436575,0.15625,6.315863456236134,5.863555549300552,0.5,1.0
gamma,eig,1,30.0,60.0,7.281241400167346,0.00013930024579167366,5.791876605094409,0.0,0.0,0.0,0.04808461760398908,0.004362093376853782,9.81497737815011,0.39863826788311674,0.3125,5.931903719173349,5.728227916876708,0.5,1.0
gamma,eig,1,60.0,120.0,7.4578857002197765,0.00024490017676725984,5.577944957155616,0.0,0.0,0.0,0.04808461760398908,0.004362093376853782,8.11219306480183,0.2992922847836558,0.625,5.584913868096994,5.566330105586652,0.5,1.0
gamma,eig,1,90.0,180.0,7.610063299944159,0.0003474002587608993,5.419833506812355,0.0,0.0,0.0,0.04808461760398908,0.004362093376853782,5.588362231030307,0.2201241106181848,0.9375,5.455342884363938,4.887192843538597,0.5,1.0
gamma,eig,1,120.0,240.0,8.14128830016125,0.0005262005724944174,5.343764805304662,0.0,0.0,0.0,0.0,0.0,4.332930226352342,0.2091844229738009,1.0,5.343764805304662,nan,0.5,1.0
gamma,d-optimality@gamma-poisson,0,15.0,30.0,0.00509219995001331,3.1500065233558416e-05,6.17279412880695,0.0,0.10454931088924224,0.16175986909055384,0.14964233906113267,0.1638049175273053,16.58269109480759,0.46282417993822134,0.15625,6.429008117314165,6.125347093898207,0.5,1.0
gamma,d-optimality@gamma-poisson,0,30.0,60.0,0.009179199812933803,6.48001441732049e-05,6.03193821034617,0.05890372115342679,0.0,0.0,0.004524531505748719,0.0,11.56564287977737,0.40386148008938827,0.3125,6.07715191295731,6.011386527341107,0.5,1.0
gamma,d-optimality@gamma-poisson,0,60.0,120.0,0.016396999882999808,0.00011960009578615427,5.748583350582116,0.05890372115342679,0.0,0.0,0.004524531505748719,0.0,6.152947348452659,0.3035186922928144,0.625,5.834606777107821,5.6052109730392745,0.5,1.0
gamma,d-optimality@gamma-poisson,0,90.0,180.0,0.02364799997303635,0.00017889990704134107,5.597846193588661,0.05890372115342679,0.0,0.0,0.004524531505748719,0.0,5.450724458124827,0.24788644926345216,0.9375,5.641571868624302,4.94196106805404,0.5,1.0
gamma,d-optimality@gamma-poisson,0,120.0,240.0,0.030863900028634816,0.0002348999259993434,5.528729993521981,0.05890372115342679,0.0,0.0,0.0,0.0,5.008754103390108,0.23288981284286234,1.0,5.528729993521981,nan,0.5,1.0
gamma,d-optimality@gamma-poisson,1,15.0,30.0,0.005051199987065047,3.079988528043032e-05,6.197217579352835,0.0,0.2669328674819066,0.2271591531806001,0.24640826106759128,0.21524105439975838,13.251066269523573,0.4557885294775604,0.15625,6.241761447168002,6.18896871494262,0.5,1.0
gamma,d-optimality@gamma-poisson,1,30.0,60.0,0.010630499746184796,7.120001828297973e-05,6.043162134085549,0.0,0.0,0.0,0.04808461760398908,0.004362093376853782,9.780660513739777,0.3987160047811113,0.3125,5.970683808195996,6.076106827671708,0.5,1.0
gamma,d-optimality@gamma-poisson,1,60.0,120.0,0.017920299840625376,0.00012890005018562078,5.812320949631913,0.0,0.0,0.0,0.04808461760398908,0.004362093376853782,8.103965671602351,0.30384650058424967,0.625,5.669923261261563,6.049650430249162,0.5,1.0
gamma,d-optimality@gamma-poisson,1,90.0,180.0,0.025177399744279683,0.00018600013572722673,5.6192372020807895,0.0,0.0,0.0,0.04808461760398908,0.004362093376853782,6.233253670648273,0.23370024808539117,0.9375,5.658506474156677,5.030198120942482,0.5,1.0
gamma,d-optimality@gamma-poisson,1,120.0,240.0,0.03237839957000688,0.0002437001676298678,5.54149163408363,0.0,0.0,0.0,0.0,0.0,5.520102620431303,0.2242613044985575,1.0,5.54149163408363,nan,0.5,1.0
gamma,systematic@gammamix-poisson,0,15.0,30.0,2.9700167942792177e-05,0.004198899841867387,6.194571834399038,0.4922992191248964,0.4993066753566352,0.4686558172478079,0.458143592063599,0.4949816719936593,22.152302524375223,0.481153237342703,0.15625,5.639498132375133,6.297363260699761,0.5,1.0
gamma,systematic@gammamix-poisson,0,30.0,60.0,5.8699981309473515e-05,0.008449899847619236,6.037621150935434,0.26184399947650827,0.3581684767646347,0.36174358682113106,0.3208560660684603,0.2891455440326295,19.63833594310547,0.438842471630051,0.3125,5.565828377572302,6.252072411555039,0.5,1.0
gamma,systematic@gammamix-poisson,0,60.0,120.0,0.00010840001050382853,0.017383299709763378,5.815387417220247,0.0,0.10454931088924224,0.16175986909055384,0.14964233906113267,0.1638049175273053,14.163549703200392,0.3469498471553419,0.625,5.548603276580983,6.26002765161902,0.5,1.0
gamma,systematic@gammamix-poisson,0,90.0,180.0,0.00015590019756928086,0.02578049967996776,5.569842594331973,0.05890372115342679,0.0,0.0,0.0,0.00790388327921876,7.38701841292495,0.24600358530446217,0.9375,5.506617849207907,6.5182137711929675,0.5,1.0
gamma,systematic@gammamix-poisson,0,120.0,240.0,0.00020330038387328386,0.03380119928624481,5.46515461072661,0.05890372115342679,0.0,0.0,0.0,0.0,5.057193732863996,0.21355768511582687,1.0,5.46515461072661,nan,0.5,1.0
gamma,systematic@gammamix-poisson,1,15.0,30.0,2.95999925583601e-05,0.00412520015379414,6.210755865898515,0.3735462939855253,0.4871569450431442,0.4660858315444081,0.4926856453834304,0.5457623340686706,16.111413646601065,0.4692488934931306,0.15625,5.87300949374252,6.273301490371847,0.5,1.0
gamma,systematic@gammamix-poisson,1,30.0,60.0,5.479995161294937e-05,0.008606900169979781,6.106416986732128,0.3735462939855253,0.4767879695381567,0.4660858315444081,0.42160278429515274,0.2327688791900645,15.04456639095329,0.434029583664313,0.3125,5.565211632595799,6.352419420430459,0.5,1.0
gamma,systematic@gammamix-poisson,1,60.0,120.0,0.00010219967225566506,0.017139900533948094,5.880469993164904,0.0,0.1867731469927626,0.2442085465101015,0.24141453044959904,0.2108789610229045,11.83194524903492,0.35391480223917093,0.625,5.5016365820554824,6.511859011680609,0.5,1.0
gamma,systematic@gammamix-poisson,1,90.0,180.0,0.00015319976955652237,0.02556290035136044,5.617146055898104,0.0,0.0,0.08919991889088308,0.07243994186078151,0.0797340185032328,7.914451372174355,0.2541584079782775,0.9375,5.58603384639253,6.083829198481712,0.5,1.0
gamma,systematic@gammamix-poisson,1,120.0,240.0,0.00019890005933120847,0.03373270039446652,5.51841288901488,0.0,0.0,0.0,0.04808461760398908,0.004362093376853782,5.919219227931938,0.2082525539529437,1.0,5.51841288901488,nan,0.5,1.0
gamma,eig@gig-pce,0,15.0,30.0,1.5323139000684023,0.00026860006619244814,5.9635082021004,0.0,0.10454931088924224,0.16175986909055384,0.14964233906113267,0.1638049175273053,16.582747136524365,0.46268259632235903,0.15625,6.518022707055197,5.8608203308124756,0.5,1.0
gamma,eig@gig-pce,0,30.0,60.0,2.7437957999645732,0.00047429982805624604,5.851684493842426,0.05890372115342679,0.0,0.0,0.004524531505748719,0.0,11.589037054510639,0.3993271720244978,0.3125,6.064960284406794,5.754740952676803,0.5,1.0
gamma,eig@gig-pce,0,60.0,120.0,5.173150699934922,0.0008517997339367867,5.594329690499909,0.05890372115342679,0.0,0.0,0.004524531505748719,0.0,5.649462223729335,0.2904345600751957,0.6041666666666666,5.7086991167320935,5.419765829408682,0.5,1.0
gamma,eig@gig-pce,0,90.0,179.0,7.16336730029434,0.0011057999799959362,5.557301219744537,0.05890372115342679,0.0,0.0,0.004524531505748719,0.0,5.348102686022832,0.2695001568614327,0.8020833333333334,5.455240676668537,5.970914999578856,0.5027932960893855,0.994413407821229
gamma,eig@gig-pce,0,120.0,238.0,8.720100800332148,0.001315200119279325,5.411842105515821,0.05890372115342679,0.0,0.0,0.004524531505748719,0.0,4.494126257263522,0.22275065320910534,1.0,5.411842105515821,nan,0.5042016806722689,0.9915966386554622
gamma,eig@gig-pce,1,15.0,30.0,1.5351572001818568,0.0002025001449510455,5.934228659759236,0.0,0.2669328674819066,0.2271591531806001,0.24640826106759128,0.21524105439975838,13.231822693635674,0.4552903533436575,0.15625,6.315863456236134,5.863555549300552,0.5,1.0
gamma,eig@gig-pce,1,30.0,60.0,2.7337142001488246,0.00042340013897046447,5.791876605094409,0.0,0.0,0.0,0.04808461760398908,0.004362093376853782,9.81497737815011,0.39863826788311674,0.3125,5.931903719173349,5.728227916876708,0.5,1.0
gamma,eig@gig-pce,1,60.0,120.0,5.154704100219533,0.0008082001586444676,5.554091219780894,0.0,0.0,0.0,0.0,0.016456718467846465,7.672671544833675,0.29913125818309105,0.6041666666666666,5.562184965354113,5.541737608116503,0.5,1.0
gamma,eig@gig-pce,1,90.0,180.0,6.762246799946297,0.0010121998493559659,5.421439363407051,0.0,0.0,0.0,0.0,0.0,5.145286650453433,0.24734751309483144,0.8020833333333334,5.514950074774946,5.042474901547688,0.5,1.0
gamma,eig@gig-pce,1,120.0,240.0,8.384945799829438,0.0012478995486162603,5.359930841907236,0.0,0.0,0.0,0.0,0.0,4.519895270095417,0.21099083454147907,0.9791666666666666,5.367749292670764,4.992463656021422,0.5,1.0
