setting,agent,episodes,nlpd,sem_nlpd,t_nlpd,regret_top1,sem_regret_top1,t_regret_top1,regret_top2,sem_regret_top2,t_regret_top2,regret_top3,sem_regret_top3,t_regret_top3,regret_top4,sem_regret_top4,t_regret_top4,regret_top5,sem_regret_top5,t_regret_top5,rate_dex,sem_rate_dex,t_rate_dex,ms_per_round,ms_act,ms_observe,rounds,nlpd_obs,nlpd_unobs,mean_dwell,frac_shortest
hardxray,eig,50,6.670718641783818,0.007530340730992715,-0.0,0.0,0.0,-0.0,8.01363838728264e-05,8.013638387282641e-05,-0.0,0.0005055498564845084,0.0002793342636521867,-0.0,6.661338147750939e-18,4.924370338883178e-18,-0.0,0.000325553773328644,0.00016585131125805493,-0.0,0.07882626518462292,0.0007075482431626528,-0.0,433.71690729133354,433.69464322501153,0.022264066322046958,240.0,6.670718641783818,nan,0.5,1.0
hardxray,eig@gamma-poisson,50,6.734920099472714,0.00868506179574616,-14.276184743330283,0.0,0.0,-0.0,8.01363838728264e-05,8.013638387282641e-05,-0.0,0.00040553078068139125,0.0002639684805991483,0.9999999999999999,0.0003697077474848287,0.00035991930747358245,-1.0271962070608354,0.0005150460124707856,0.0002467711702961163,-0.999999999999988,0.08325907515503383,0.0009335841935286739,-8.429716179608914,56.50606890876953,56.494535025228586,0.011533883540929914,240.0,6.734920099472714,nan,0.5,1.0
hardxray,systematic,50,6.674822793660643,0.008011778012452037,-0.9638169283988245,0.0009568442956663326,0.0009568442956663328,-0.9999999999999998,0.0008835729214996268,0.0005875550633631175,-1.374999735162874,0.000736234942278784,0.000336516470665118,-1.1537742250244352,0.0007589367730515307,0.00035455511731126486,-2.1405325603726957,0.00023273832323409405,0.00012424605802442582,0.7475332084453571,0.0761016773450916,0.0006661030618202409,9.674775595451385,0.004617600245789315,0.0009819584277768931,0.003635641818012421,240.0,6.674822793660643,nan,0.5,1.0
hardxray,d-optimality,50,6.670629299226203,0.007586116511762261,0.21455515898037178,0.0,0.0,-0.0,8.01363838728264e-05,8.013638387282641e-05,-0.0,0.0005055498564845084,0.0002793342636521867,-0.0,6.661338147750939e-18,4.924370338883178e-18,-0.0,0.000325553773328644,0.00016585131125805493,-0.0,0.07882804940686905,0.0007068062695830074,-0.14779821845323915,3.3515901252540057,3.3445970334044732,0.006993091849532599,240.0,6.670629299226203,nan,0.5,1.0
hardxray,lucb,50,7.8368188948111,0.01965333717186324,-60.469521505678614,0.008957805489960441,0.0064625732985504275,-1.3861050507496295,0.014754043996610802,0.008928510107036554,-1.6430605519024808,0.014017359164366442,0.00830165025009169,-1.6245962743609772,0.015442682308886464,0.007345799022508604,-2.1022467755471963,0.01992116611054154,0.0074861325185447665,-2.610823472676899,0.3038174841868034,0.003173432917115428,-69.28684079941803,55.01539503370198,55.00754353353598,0.007851500165998006,240.0,7.1851504314514925,7.987660788317597,0.5,1.0
hardxray,lucb@gamma-poisson,50,8.266227784731202,0.038111050177186336,-39.97468546288203,0.008957805489960441,0.0064625732985504275,-1.3861050507496295,0.014754043996610802,0.008928510107036554,-1.6430605519024808,0.014017359164366442,0.00830165025009169,-1.6245962743609772,0.015442682308886464,0.007345799022508604,-2.1022467755471963,0.019893503281552472,0.007487521165603752,-2.6066443943605546,0.33066799349409737,0.003277784093120686,-74.52112983377829,19.434157758252695,19.42488298335714,0.009274774895554097,240.0,7.197502305338539,8.512650709549161,0.5,1.0
hardxray,eig@gammamix-poisson,50,6.717106119879545,0.00837784935898943,-11.775689981647385,0.0,0.0,-0.0,8.01363838728264e-05,8.013638387282641e-05,-0.0,0.00040553078068139125,0.0002639684805991483,0.9999999999999999,0.0003697077474848287,0.00035991930747358245,-1.0271962070608354,0.0005150460124707856,0.0002467711702961163,-0.999999999999988,0.08126753069843617,0.0008203376226208591,-6.406110867644586,29.1918002415332,28.56294075809516,0.6288594834380394,240.0,6.717106119879545,nan,0.5,1.0
hardxray,d-optimality@gamma-poisson,50,6.732227208094121,0.008301108119682028,-13.441779194032087,0.0,0.0,-0.0,8.01363838728264e-05,8.013638387282641e-05,-0.0,0.00040553078068139125,0.0002639684805991483,0.9999999999999999,0.0003697077474848287,0.00035991930747358245,-1.0271962070608354,0.0005150460124707856,0.0002467711702961163,-0.999999999999988,0.08187855345225557,0.0008658581432079565,-5.682235665429003,0.3538310585039046,0.3509941750623208,0.0028368834415838737,240.0,6.732227208094121,nan,0.5,1.0
hardxray,d-optimality@gammamix-poisson,50,6.719310264973774,0.008509077612218485,-10.78504938189516,0.0,0.0,-0.0,8.01363838728264e-05,8.013638387282641e-05,-0.0,0.00040553078068139125,0.0002639684805991483,0.9999999999999999,0.0003697077474848287,0.00035991930747358245,-1.0271962070608354,0.0005150460124707856,0.0002467711702961163,-0.999999999999988,0.080635529553533,0.0007666070519388735,-4.302736849007683,1.093193966798329,0.7428883418954988,0.3503056249028305,240.0,6.719310264973774,nan,0.5,1.0
hardxray,systematic@gamma-poisson,50,6.73486326499582,0.008597957222891759,-11.556285612153243,0.0009568442956663326,0.0009568442956663328,-0.9999999999999998,0.0008835729214996268,0.0005875550633631175,-1.374999735162874,0.0006362158664756667,0.00032532570497849025,-0.5790452752144158,0.001118923220620558,0.0004941136199768183,-2.264505926133048,0.00023273832323409183,0.00012424605802442592,0.7475332084453754,0.08202696076797725,0.0008600197895131727,-6.932759964107823,0.005247583389670277,0.002315633479156531,0.0029319499105137457,240.0,6.73486326499582,nan,0.5,1.0
hardxray,systematic@gammamix-poisson,50,6.7180319436301446,0.009033163089936295,-7.406107618317345,0.0009568442956663326,0.0009568442956663328,-0.9999999999999998,0.0008835729214996268,0.0005875550633631175,-1.374999735162874,0.0006362158664756667,0.00032532570497849025,-0.5790452752144158,0.001118923220620558,0.0004941136199768183,-2.264505926133048,0.00023273832323409183,0.00012424605802442592,0.7475332084453754,0.07923017138737913,0.0007939777022650034,-0.8390321928278494,0.2690159585132884,0.0016134001683288566,0.26740255834495963,240.0,6.7180319436301446,nan,0.5,1.0
hardxray,eig@gig-nmc,50,7.274839571021065,0.0781274683194995,-7.7894941563623865,0.03150030979470772,0.017567715162694633,-1.793079492864229,0.04490886469534059,0.020010587055415384,-2.2399546066297944,0.05733528855366675,0.021864513258185777,-2.5962777103974393,0.072583409802325,0.023858244332916792,-3.0422779140618896,0.07451574024290307,0.023372095097283833,-3.1714379393977596,0.21267238826253582,0.016829913944173363,-7.977306753704054,473.0930019701556,473.0723378811172,0.020664089038336834,121.94,6.526278319694608,8.138766646488463,2.5471079446868923,0.5706592530276741
hardxray,eig@gig-pce,50,6.677835620253564,0.008567669393955708,-1.8347431915017953,0.00021879308044647994,0.00021879308044647994,-1.0,0.0003706036289403114,0.0002997381841922891,-1.0,0.0013095059156497334,0.0006695307629681806,-1.3068046255723962,0.0009372828540861255,0.000534385603154934,-1.7539448079299755,0.00038864842130249767,0.0001956117838726304,-1.4177176541786884,0.07763252130070927,0.000718378204054395,5.589812817133003,484.16408210859424,484.1426944334089,0.021387675185299784,240.0,6.677835620253564,nan,0.5,1.0
