setting,model,context,action,exposure,reference,estimate,sem,z,check
hardxray,gig-poisson,0,0.5,1.55,1.0813316078701347,1.0743046390293354,0.006029497258928687,1.1654319653920673,closed-vs-nmc
hardxray,gig-poisson,0,25.0,77.5,2.9472832034095253,3.7783632755104057,0.42885315558937986,-1.937912922568364,closed-vs-nmc
hardxray,gig-poisson,96,0.5,1.55,1.0813316078701347,1.08864685231523,0.008452668641360414,-0.8654360836174794,closed-vs-nmc
hardxray,gig-poisson,96,25.0,77.5,2.9472832034095253,2.8699216552155615,0.21371200001395538,0.36198972537298835,closed-vs-nmc
hardxray,gamma-poisson,0,0.5,1.55,1.14215879127076,1.1335142206600135,0.0045102617681207595,1.9166449876252667,closed-vs-nmc
hardxray,gamma-poisson,0,25.0,77.5,3.045006749298467,3.0507363710518156,0.004632213257257675,-1.2369080254177376,closed-vs-nmc
hardxray,gamma-poisson,96,0.5,1.55,1.14215879127076,1.1451388568568148,0.014049763843214168,-0.21210787735013215,closed-vs-nmc
hardxray,gamma-poisson,96,25.0,77.5,3.045006749298467,3.0482623986144937,0.021207543228179002,-0.1535137418322291,closed-vs-nmc
hardxray,gammamix-poisson,0,0.5,1.55,1.1421587831556481,1.1495536660669652,0.00791377245361821,-0.9344320871818973,closed-vs-nmc
hardxray,gammamix-poisson,0,25.0,77.5,3.045006734391529,3.0159721477397716,0.012899556976629117,2.250820450993847,closed-vs-nmc
hardxray,gammamix-poisson,96,0.5,1.55,1.1421587831556481,1.1404988033632713,0.009112593933237696,0.18216325719531706,closed-vs-nmc
hardxray,gammamix-poisson,96,25.0,77.5,3.045006734391529,3.0557724993036204,0.013066890169180476,-0.8238964874353714,closed-vs-nmc
hardxray,logskewnormal-poisson,0,0.5,1.55,1.1054131138323542,1.1797727791161938,0.005483074487833992,13.561673373001053,nmc-vs-grid
hardxray,logskewnormal-poisson,0,0.5,1.55,18.723205261479517,18.873818222518963,0.07507284569269947,2.0062242166223427,mcmc-mean-vs-grid
hardxray,logskewnormal-poisson,0,25.0,77.5,2.8722052784400898,6.7376577509674975,0.021469819570926287,180.04121831381735,nmc-vs-grid
hardxray,logskewnormal-poisson,0,25.0,77.5,19.57365362787766,19.569261292941835,0.01105947944200375,-0.3971556671233446,mcmc-mean-vs-grid
hardxray,logskewnormal-poisson,96,0.5,1.55,1.1054131138323542,1.1738938164958914,0.006954939816970597,9.846340078520731,nmc-vs-grid
hardxray,logskewnormal-poisson,96,0.5,1.55,18.723205261479517,18.836058976492637,0.07577501271527445,1.4893262431663241,mcmc-mean-vs-grid
hardxray,logskewnormal-poisson,96,25.0,77.5,2.8722052784400898,6.705045186779639,0.027305713281477944,140.36769041076278,nmc-vs-grid
hardxray,logskewnormal-poisson,96,25.0,77.5,19.57365362787766,19.556645238246492,0.011143664928127956,-1.5262832955644212,mcmc-mean-vs-grid
hardxray,logskewnormal-quad,0,0.5,1.55,1.1054131138323542,1.1055384699004138,0.001,0.1253560680596344,quad-vs-grid
hardxray,logskewnormal-quad,0,25.0,77.5,2.8722052784400898,2.872450554896263,0.001,0.24527645617311578,quad-vs-grid
hardxray,logskewnormal-quad,96,0.5,1.55,1.1054131138323542,1.1055384699004138,0.001,0.1253560680596344,quad-vs-grid
hardxray,logskewnormal-quad,96,25.0,77.5,2.8722052784400898,2.872450554896263,0.001,0.24527645617311578,quad-vs-grid
