setting,episode,estimator,n,rounds,disagree,mean_relative_loss,max_relative_loss,frac_longer_than_shortest
bulk,0,nmc,768,240,0.9375,0.2513081670008058,0.898698005897767,0.25
bulk,0,pce,768,240,0.875,0.05388172388916056,0.2611235363201967,0.004166666666666667
bulk,1,nmc,768,240,0.9541666666666667,0.29627293576167674,0.8889446105121909,0.30833333333333335
bulk,1,pce,768,240,0.8666666666666667,0.0466401542955387,0.1733602038931589,0.0
bulk,2,nmc,768,240,0.9333333333333333,0.10470579565953843,0.41499428549440753,0.05
bulk,2,pce,768,240,0.8958333333333334,0.058844629232344896,0.4224070580854826,0.0
bulk,3,nmc,768,240,0.9083333333333333,0.26817260748442706,0.8728860513835851,0.2916666666666667
bulk,3,pce,768,240,0.8708333333333333,0.03937687186699901,0.22357946033984422,0.008333333333333333
bulk,4,nmc,768,240,0.9208333333333334,0.20717171557755512,0.7978127863377578,0.26666666666666666
bulk,4,pce,768,240,0.8791666666666667,0.05300351885987442,0.1713937038799588,0.0
bulk,5,nmc,768,240,0.9583333333333334,0.29731672750199495,0.901273949456154,0.275
bulk,5,pce,768,240,0.8916666666666666,0.06313155785830427,0.33727933141426625,0.0
bulk,6,nmc,768,240,0.9375,0.25272683327009215,0.9277572740614276,0.24166666666666667
bulk,6,pce,768,240,0.8708333333333333,0.050619464995771454,0.2969155397963807,0.0
bulk,7,nmc,768,240,0.9208333333333334,0.18874823551524578,0.8178683011914146,0.225
bulk,7,pce,768,240,0.8708333333333333,0.04263438615370237,0.19162007102247902,0.0
bulk,8,nmc,768,240,0.925,0.2233968579438113,0.9335072146954273,0.19583333333333333
bulk,8,pce,768,240,0.8625,0.04158225320877359,0.16226095015862438,0.0
bulk,9,nmc,768,240,0.9333333333333333,0.20545239415555036,0.8827255563214707,0.2916666666666667
bulk,9,pce,768,240,0.8875,0.05753888268326931,0.21635305173812885,0.0
gamma,0,nmc,384,240,0.65,0.1506756354796327,0.8667983936633072,0.15833333333333333
gamma,0,pce,384,240,0.5,0.027167636840030047,0.17282805861654388,0.0
gamma,1,nmc,384,240,0.5083333333333333,0.02221204133008022,0.08420195834918852,0.0
gamma,1,pce,384,240,0.47916666666666663,0.019515515806484432,0.08420195834918852,0.0
gamma,2,nmc,384,240,0.6666666666666667,0.16095532693920903,0.5994756307647396,0.32083333333333336
gamma,2,pce,384,240,0.49583333333333335,0.01591104246960611,0.056213879742025984,0.0
gamma,3,nmc,384,240,0.8291666666666666,0.2864370948842933,0.8648580419702024,0.32083333333333336
gamma,3,pce,384,240,0.5083333333333333,0.02071081303187023,0.07279114127678012,0.0
gamma,4,nmc,384,240,0.6541666666666667,0.11867774278485015,0.63844143360036,0.15833333333333333
gamma,4,pce,384,240,0.48750000000000004,0.011640788067636828,0.061835980041669486,0.0
gamma,5,nmc,384,240,0.8166666666666667,0.30382035494629567,0.918998546520233,0.32083333333333336
gamma,5,pce,384,240,0.5083333333333333,0.017949715334601022,0.06989666627667429,0.0
gamma,6,nmc,384,240,0.6666666666666667,0.0824147944751121,0.3918883134560703,0.0
gamma,6,pce,384,240,0.5041666666666667,0.020665352279528853,0.08098838167715283,0.0
gamma,7,nmc,384,240,0.5041666666666667,0.016650104181071497,0.07246953367041577,0.0
gamma,7,pce,384,240,0.6666666666666667,0.03964932786613627,0.13272166275555766,0.0
gamma,8,nmc,384,240,0.6708333333333334,0.2725653836760607,0.8648580419702024,0.32083333333333336
gamma,8,pce,384,240,0.5083333333333333,0.02042671642805862,0.07702663789200226,0.0
gamma,9,nmc,384,240,0.8291666666666666,0.30546319337924654,0.918998546520233,0.32083333333333336
gamma,9,pce,384,240,0.5041666666666667,0.015611079069112889,0.07166604779624253,0.0
hardxray,0,nmc,576,240,0.4541666666666667,0.058679591368895494,0.43007514293954835,0.13333333333333333
hardxray,0,pce,576,240,0.3291666666666667,0.0025546926667302707,0.023876658083968803,0.0
hardxray,1,nmc,576,240,0.32499999999999996,0.010884205969197695,0.06573183258336306,0.0
hardxray,1,pce,576,240,0.3291666666666667,0.013545598274648312,0.08665267402119156,0.0
hardxray,2,nmc,576,240,0.4625,0.01908570272565362,0.09749920570827368,0.0
hardxray,2,pce,576,240,0.3291666666666667,0.012121721863972848,0.047282045509114586,0.0
hardxray,3,nmc,576,240,0.6,0.17397359470234514,0.4923151048362103,0.4
hardxray,3,pce,576,240,0.45833333333333337,0.013819676678049845,0.08525101316220747,0.0
hardxray,4,nmc,576,240,0.3291666666666667,0.06754462989927992,0.43007514293954835,0.13333333333333333
hardxray,4,pce,576,240,0.45833333333333337,0.010550235906977241,0.06586896673854073,0.0
hardxray,5,nmc,576,240,0.5833333333333333,0.13134521079955977,0.9193003998738033,0.13333333333333333
hardxray,5,pce,576,240,0.3291666666666667,0.00961207533073401,0.04534607348676508,0.0
hardxray,6,nmc,576,240,0.31666666666666665,0.06033431632173623,0.43007514293954835,0.13333333333333333
hardxray,6,pce,576,240,0.1958333333333333,0.00446749722959335,0.07257632246733228,0.0
hardxray,7,nmc,576,240,0.5958333333333333,0.06884904908419842,0.43007514293954835,0.13333333333333333
hardxray,7,pce,576,240,0.4625,0.00834631268456781,0.04534607348676508,0.0
hardxray,8,nmc,576,240,0.4625,0.13219524958935844,0.9639189537220851,0.13333333333333333
hardxray,8,pce,576,240,0.31666666666666665,0.004906057860286371,0.05357634802960587,0.0
hardxray,9,nmc,576,240,0.5958333333333333,0.08708876196993491,0.43007514293954835,0.13333333333333333
hardxray,9,pce,576,240,0.33333333333333337,0.02020370513688287,0.11096457898006866,0.0
