setting,metric,how,a,b,n,mean_diff,ci_lo,ci_hi,a_better,b_better,t,p_t,p_wilcoxon,p_t_holm,p_wilcoxon_holm
pop200_bulk,nlpd,final,eig,eig@gamma-poisson,50,-0.10783412533333542,-0.1266445270802826,-0.08902372358638823,50,0,-11.520263676586858,1.49421547135185e-15,1.7763568394002505e-15,4.48264641405555e-15,5.329070518200751e-15
pop200_bulk,nlpd,final,eig,eig@gammamix-poisson,50,-0.01891108021948722,-0.028245791937489266,-0.009576368501485173,38,12,-4.0711743077353555,0.00017010001867541353,0.0002308749851795966,0.00017010001867541353,0.0002308749851795966
pop200_bulk,nlpd,final,eig@gamma-poisson,eig@gammamix-poisson,50,0.08892304511384819,0.07189576524342312,0.10595032498427326,0,50,10.494779602542259,3.953792375414272e-14,1.7763568394002505e-15,7.907584750828545e-14,5.329070518200751e-15
pop200_bulk,regret_top1,final,eig,eig@gamma-poisson,50,-0.04540896209561092,-0.08111264488335593,-0.00970527930786591,10,3,-2.555835102881926,0.013745970794888847,0.03705054627291303,0.04123791238466654,0.11115163881873909
pop200_bulk,regret_top1,final,eig,eig@gammamix-poisson,50,-0.0047906030747854175,-0.025084523693056034,0.015503317543485197,2,1,-0.47438232814100545,0.6373346111582664,0.579778640825073,0.6373346111582664,0.579778640825073
pop200_bulk,regret_top1,final,eig@gamma-poisson,eig@gammamix-poisson,50,0.040618359020825515,0.005709625231764964,0.07552709280988606,3,9,2.3382586419291806,0.023499257057513358,0.0625068312076521,0.046998514115026715,0.1250136624153042
pop200_bulk,regret_top5,final,eig,eig@gamma-poisson,50,-0.022301759896585803,-0.03745301609912203,-0.0071505036940495755,31,9,-2.9579768062451923,0.004756072710623255,0.0011603598629461537,0.00951214542124651,0.0023207197258923074
pop200_bulk,regret_top5,final,eig,eig@gammamix-poisson,50,0.00359964029525068,-0.006880604329386547,0.014079884919887906,8,14,0.6902270184517515,0.49330791531088963,0.2223195554004177,0.49330791531088963,0.2223195554004177
pop200_bulk,regret_top5,final,eig@gamma-poisson,eig@gammamix-poisson,50,0.025901400191836482,0.010902816734169218,0.04089998364950374,10,32,3.470381891689964,0.0010940113958364398,0.0003764868209954854,0.0032820341875093193,0.0011294604629864561
pop200_bulk,regret_top1,auc,eig,eig@gamma-poisson,50,-0.04535645724629392,-0.07218188071342722,-0.01853103377916061,23,6,-3.397792151827071,0.0013569672566827186,0.0010915698559740862,0.0040709017700481555,0.0021831397119481725
pop200_bulk,regret_top1,auc,eig,eig@gammamix-poisson,50,-0.008493910428093056,-0.021470980320302452,0.004483159464116338,13,8,-1.3153317508859876,0.19452035677761598,0.21876077358428103,0.19452035677761598,0.21876077358428103
pop200_bulk,regret_top1,auc,eig@gamma-poisson,eig@gammamix-poisson,50,0.036862546818200864,0.012998398928188017,0.06072669470821371,4,22,3.104156980789386,0.003166835496760462,0.000516991209414846,0.006333670993520924,0.001550973628244538
pop200_bulk,regret_top5,auc,eig,eig@gamma-poisson,50,-0.03902980559840553,-0.0542655558005584,-0.023794055396252657,38,11,-5.147979574346196,4.648007643020332e-06,1.0728408850297149e-05,9.420784719742795e-06,3.218522655089145e-05
pop200_bulk,regret_top5,auc,eig,eig@gammamix-poisson,50,-0.003411709152263227,-0.01051067941405262,0.0036872611095261658,27,21,-0.9657860190764062,0.33889389979417484,0.379672695011643,0.33889389979417484,0.379672695011643
pop200_bulk,regret_top5,auc,eig@gamma-poisson,eig@gammamix-poisson,50,0.03561809644614229,0.022013342909060492,0.04922284998322409,10,39,5.261193774422592,3.1402615732475984e-06,1.225584866852782e-05,9.420784719742795e-06,3.218522655089145e-05
