catalogue,class,n,draw,held_out,loglik_gig,loglik_gamma,loglik_mixture,loglik_skewnormal
gamma,psr,10,0,108,-508.93160064856625,-511.7424418548932,-511.7424418548932,-511.3952379480327
gamma,psr,10,1,108,-511.6170743664024,-512.0733810753965,-512.0733810753965,-513.7288663510552
gamma,psr,10,2,108,-510.05604887151185,-512.4614883282703,-512.4614883282703,-511.2550180937187
gamma,psr,10,3,108,-509.671654080556,-511.459734511444,-511.459734511444,-509.8735879113178
gamma,psr,10,4,108,-512.9960864540046,-515.445654902463,-515.445654902463,-52866309171595.37
gamma,psr,10,5,108,-609.5055413322063,-529.23749360244,-529.2374936024402,-663.5017912128747
gamma,psr,10,6,108,-529.0908569758498,-529.0909154466387,-529.0909154466389,-1768920935024748.5
gamma,psr,10,7,108,-546.8070005050489,-515.5877215877814,-515.5877215877815,-557.6605391265671
gamma,psr,10,8,108,-562.8676743314375,-517.6782744488834,-517.6782744488834,-571.5304143406472
gamma,psr,10,9,108,-564.4063269377077,-564.4063684499887,-564.4063684499887,-1383914614452483.0
gamma,psr,10,10,108,-525.210082842214,-513.5174497209243,-513.5174497209242,-815217098231618.2
gamma,psr,10,11,108,-519.9075413034993,-511.6165388094746,-511.61653880947466,-522.1923888307764
gamma,psr,10,12,108,-542.7420322788313,-511.1050506115286,-511.1050506115286,-607909581506371.5
gamma,psr,10,13,108,-511.73227455133673,-516.4602060458476,-602.5581875489273,-513.2386643725744
gamma,psr,10,14,108,-537.2684131065778,-544.2255179034574,-544.2255179034576,-548.4244262294851
gamma,psr,10,15,108,-516.8793128920269,-517.8838429322036,-517.8838429322036,-5545699919331.589
gamma,psr,10,16,108,-521.0090259794217,-518.0763486591977,-518.0763486591977,-523.0775190510328
gamma,psr,10,17,108,-517.6537772121453,-519.1749444600296,-904.4289011264246,-13989087232866.756
gamma,psr,10,18,108,-541.6614806253234,-523.4350498468282,-584.8495729958786,-6587010746318828.0
gamma,psr,10,19,108,-585.871520761709,-517.7771770005303,-517.7771770005303,-376357544805641.8
gamma,psr,20,0,108,-508.0598569146053,-511.5004957643322,-511.5004957643322,-509.9521218613671
gamma,psr,20,1,108,-510.04640402933927,-512.8249681659828,-512.8249681659829,-512.6106474585081
gamma,psr,20,2,108,-511.43132208893786,-516.6570462955466,-516.6570462955465,-512.9825986233798
gamma,psr,20,3,108,-512.9791672725457,-514.6051679662454,-514.6051679662455,-514.7540016884893
gamma,psr,20,4,108,-514.9759257358519,-511.108258664291,-511.108258664291,-518.3287130174429
gamma,psr,20,5,108,-541.9015451199,-552.3527725814562,-552.3527725814562,-538.691592989837
gamma,psr,20,6,108,-534.7540829250868,-512.5760809727545,-512.5760809727547,-531.2725386684
gamma,psr,20,7,108,-535.210811331158,-513.9196233751153,-577.4394242982075,-529.4466423202343
gamma,psr,20,8,108,-507.9596483806259,-511.33464826467394,-511.33464826467394,-510.7774150970232
gamma,psr,20,9,108,-516.7511358823662,-512.8406176749753,-512.8406176749753,-515.9173573436052
gamma,psr,20,10,108,-571.5606442622492,-554.0640422746163,-554.0640422746163,-554.5386733592849
gamma,psr,20,11,108,-510.40328389328045,-512.8064885121831,-512.8064885121831,-512.5698252172157
gamma,psr,20,12,108,-521.5611530133682,-526.4658531616252,-526.4658531616252,-522.2174806661295
gamma,psr,20,13,108,-515.0401590682551,-510.825560458785,-510.82556045878505,-520.3115208382379
gamma,psr,20,14,108,-521.0038015067968,-513.4360058347664,-513.4360058347664,-518.6648250530974
gamma,psr,20,15,108,-513.485674332887,-515.6568344495748,-515.6568344495748,-34541739613238.223
gamma,psr,20,16,108,-509.4418868329274,-513.1823300120992,-513.1823300120991,-511.6265923632951
gamma,psr,20,17,108,-510.2253072063866,-511.37876581517077,-565.5649109146633,-512.4176755997486
gamma,psr,20,18,108,-516.212922915576,-512.7714850569329,-512.7714850569329,-518.6004784192475
gamma,psr,20,19,108,-518.3212161402363,-511.32814242054377,-527.0261979312484,-522.7577914533834
gamma,psr,40,0,108,-508.1447357362844,-510.81809100268276,-510.81809100268276,-510.9344536605077
gamma,psr,40,1,108,-509.59931939663176,-512.0877890494642,-512.0877890494642,-512.3461729029167
gamma,psr,40,2,108,-510.821609744757,-512.2257159276446,-532.5397697488113,-514.0749149587331
gamma,psr,40,3,108,-509.93064910091863,-512.315616704504,-512.315616704504,-512.2384086017119
gamma,psr,40,4,108,-508.3884972844553,-511.567326782583,-521.8511955663937,-511.2937829894224
gamma,psr,40,5,108,-507.99507077998226,-511.56737061269376,-511.5673706126939,-509.98993465729365
gamma,psr,40,6,108,-508.23224466764566,-511.46485622786355,-511.46485622786355,-509.9368886439642
gamma,psr,40,7,108,-510.5448513198048,-512.4465677048264,-512.4465677048264,-512.7265091674983
gamma,psr,40,8,108,-511.4659578483048,-512.383619691727,-557.0923878611077,-513.9555618241417
gamma,psr,40,9,108,-508.9448781387276,-512.77995527307,-512.77995527307,-511.9749001960894
gamma,psr,40,10,108,-508.52378638882186,-511.9127128080734,-511.9127128080735,-510.671753837988
gamma,psr,40,11,108,-507.92749800549234,-510.9728633792513,-510.97286337925124,-509.307867063814
gamma,psr,40,12,108,-508.23030019440114,-511.44755030954843,-511.44755030954855,-511.05481555548806
gamma,psr,40,13,108,-507.84356987465225,-511.1554394173739,-511.1554394173739,-510.41475381591204
gamma,psr,40,14,108,-507.79355590365003,-510.8738362770987,-510.8738362770987,-510.5772460454901
gamma,psr,40,15,108,-508.28026988281187,-511.37115581148333,-511.37115581148333,-510.3268311108133
gamma,psr,40,16,108,-516.345699997817,-516.1616065388548,-528.8605434349245,-519.2718147213978
gamma,psr,40,17,108,-508.76192670283064,-511.5671745118922,-511.5671745118922,-511.82266980626025
gamma,psr,40,18,108,-509.9152154829621,-511.45180515919753,-511.4518051591975,-512.3387732678964
gamma,psr,40,19,108,-509.6399335023613,-510.951452599803,-535.8321707651947,-512.7623937175772
gamma,psr,80,0,108,-507.80292966766524,-511.00926799651984,-511.00926799651984,-510.7980213480644
gamma,psr,80,1,108,-510.00081643349847,-511.40999359225,-511.40999359225,-512.4416650233493
gamma,psr,80,2,108,-508.30969907073,-511.18124412229804,-515.2173116959985,-511.04165203330797
gamma,psr,80,3,108,-507.8880640050912,-510.9096580850109,-514.5734171158939,-510.89570183077154
gamma,psr,80,4,108,-507.8273816444462,-510.95430022306846,-510.9543002230685,-510.5114521193583
gamma,psr,80,5,108,-508.1792369413295,-510.8876806289399,-510.88768062893985,-510.9612016971362
gamma,psr,80,6,108,-510.2910493066837,-512.779016792082,-518.2619228501496,-513.2174727456237
gamma,psr,80,7,108,-514.787523879315,-511.7696027048399,-518.8672024759696,-517.2054775771829
gamma,psr,80,8,108,-509.14998987343324,-511.2960770481459,-514.5008888845061,-511.60272530410936
gamma,psr,80,9,108,-509.50276932631266,-513.6523323071393,-513.6523323071394,-512.5030700323297
gamma,psr,80,10,108,-509.4304442774378,-511.5677924464865,-514.207078281961,-512.0664234656867
gamma,psr,80,11,108,-507.6921246032611,-510.87997959105473,-510.87997959105485,-510.4120272986575
gamma,psr,80,12,108,-507.8581187864921,-510.8258821741003,-517.3864399452275,-510.7067984484248
gamma,psr,80,13,108,-508.251282069434,-511.1419178834756,-515.069334022746,-511.2261651628469
gamma,psr,80,14,108,-508.3179875830269,-511.11759483661996,-511.11759483661984,-511.1786057089338
gamma,psr,80,15,108,-508.4791993207494,-512.1376025342745,-512.1376025342745,-511.52846752565284
gamma,psr,80,16,108,-507.5847698721687,-510.95995993093453,-510.95995993093453,-510.2787178560491
gamma,psr,80,17,108,-507.7200014521397,-511.02663433694613,-511.02663433694613,-510.4304548592679
gamma,psr,80,18,108,-510.2134783649715,-512.5925129572801,-523.2350323290393,-513.2333644276358
gamma,psr,80,19,108,-508.2535042242217,-511.0302723065277,-511.03027230652765,-511.13456946259856
gamma,psr,0,0,108,-508.1313227494503,-511.12336806806803,-514.2598552272485,-511.0976400479574
gamma,fsrq,10,0,343,-1102.9678218248296,-1200.0985928486389,-1155.9162830955117,-20245842654869.777
gamma,fsrq,10,1,343,-1162.1953271797574,-1202.289600735795,-1532.4272997004105,-1531604134874090.0
gamma,fsrq,10,2,343,-1103.3399003774048,-1210.2890175134025,-1210.2890175134025,-611245634947970.8
gamma,fsrq,10,3,343,-1106.09437471528,-1257.2226841088936,-1294.1591941382228,-973571996716534.8
gamma,fsrq,10,4,343,-1788.0734511891517,-1878.3001873393453,-1878.3001873393468,-5.212504883021797e+16
gamma,fsrq,10,5,343,-1130.3698683572295,-1194.4493146000787,-1194.4493146000787,-1134.6080310578818
gamma,fsrq,10,6,343,-1114.6816229917285,-1229.0009261576433,-1415.0912548024367,-52475970069087.81
gamma,fsrq,10,7,343,-1122.6958451835635,-1195.3605357825495,-1195.3605357825495,-1118.9712774163986
gamma,fsrq,10,8,343,-1258.309340651782,-1310.983407105693,-1310.983407105693,-1226.4812175638338
gamma,fsrq,10,9,343,-1127.963557482461,-1205.1287504396432,-1205.1287504396432,-1.4089976145202356e+16
gamma,fsrq,10,10,343,-1139.936988257757,-1277.6426135533125,-1277.6426135533125,-1112.1072661914734
gamma,fsrq,10,11,343,-1144.7093511366456,-1198.85735205435,-2055.0823062138165,-3158979076358569.0
gamma,fsrq,10,12,343,-1125.3279389708232,-1200.1006692665662,-1200.1006692665662,-4982962383405.77
gamma,fsrq,10,13,343,-1433.5701101832346,-3128.4741019198436,-3128.4741019198436,-72408909830476.6
gamma,fsrq,10,14,343,-1159.0627108640188,-1236.3852102165847,-1236.3852102165843,-3180040725063391.0
gamma,fsrq,10,15,343,-1427.919380902199,-1468.893115820296,-2409.660972666642,-1446.236697066041
gamma,fsrq,10,16,343,-1120.758193002794,-1196.7267708940585,-2071.680334180372,-4516581027433132.0
gamma,fsrq,10,17,343,-1291.2043901734687,-1291.20585764719,-2357.7176916917574,-9.465496759347242e+16
gamma,fsrq,10,18,343,-1109.7548679500883,-1198.9747759600336,-1289.7647276413581,-789680416295271.6
gamma,fsrq,10,19,343,-1273.1830911626312,-1270.5386626691027,-1270.5386626691027,-1.0283140379640898e+17
gamma,fsrq,20,0,343,-1098.118202172748,-1212.8888718501312,-1182.6937097184905,-1094.1718426269508
gamma,fsrq,20,1,343,-1218.1071421420543,-1363.2076344403113,-1363.2076344403113,-1270.5979298888515
gamma,fsrq,20,2,343,-1198.919426963994,-1254.265349785918,-1254.265349785918,-5194140992637992.0
gamma,fsrq,20,3,343,-1140.2209234813363,-1298.6206116494845,-1298.6206116494845,-1.0402373665553128e+16
gamma,fsrq,20,4,343,-1094.5204827161144,-1209.2075005822433,-1130.5439756103228,-1487916802911638.0
gamma,fsrq,20,5,343,-1163.5831538651137,-1527.2060152669128,-1527.2060152669128,-259283955017288.6
gamma,fsrq,20,6,343,-1102.4119476633182,-1195.2719846203318,-1132.3967160535599,-421619640092988.7
gamma,fsrq,20,7,343,-1095.5497325238707,-1194.2902716073197,-1132.842067805582,-54590857335852.18
gamma,fsrq,20,8,343,-1096.7092402391581,-1197.9403890015253,-1178.8253574880055,-49467001949442.44
gamma,fsrq,20,9,343,-1119.0124691541178,-1207.8220285005968,-1207.8220285005968,-33253245587247.94
gamma,fsrq,20,10,343,-1098.5400929898233,-1186.9073605138988,-1186.907360513899,-1093.9157578190761
gamma,fsrq,20,11,343,-1121.6483734497579,-1196.3320867769662,-1196.3320867769662,-1132.771600533913
gamma,fsrq,20,12,343,-1102.7038209825646,-1192.3047272488718,-1383.3391808192473,-2384665167935415.0
gamma,fsrq,20,13,343,-1093.047432538595,-1190.424765265101,-1190.424765265101,-134640436247159.17
gamma,fsrq,20,14,343,-1112.7019647791967,-1211.918258149879,-1381.409738976481,-57712975825980.484
gamma,fsrq,20,15,343,-1106.2006008649585,-1256.5325573157131,-1268.7152254980167,-1116.4170812603488
gamma,fsrq,20,16,343,-1110.782948279973,-1270.2072413774247,-1270.2072413774247,-232900549087186.22
gamma,fsrq,20,17,343,-1098.9622062470262,-1204.452990398272,-1135.075352929135,-60110447001869.94
gamma,fsrq,20,18,343,-1159.9510814460268,-1373.8974377242237,-1373.8974377242234,-1141.6350020048374
gamma,fsrq,20,19,343,-1150.5604223692417,-1243.7168852225886,-1384.8469393154273,-1168.129856202446
gamma,fsrq,40,0,343,-1093.6923688126353,-1186.2078071940439,-1124.2099957923213,-65893952348476.98
gamma,fsrq,40,1,343,-1110.5838958281865,-1192.6324696685272,-1192.632469668527,-1095.836979853149
gamma,fsrq,40,2,343,-1092.6302108316704,-1198.1297060987026,-1147.1670508723369,-1085.1680772032164
gamma,fsrq,40,3,343,-1103.6701345806325,-1213.240670757924,-1118.013034221254,-1094.1130732077338
gamma,fsrq,40,4,343,-1091.5041580561585,-1183.8530945849195,-1103.6416879648386,-1086.8650885333998
gamma,fsrq,40,5,343,-1115.8512070198997,-1199.4917491586366,-1141.5329423925195,-1129.0314281844148
gamma,fsrq,40,6,343,-1093.6312665079417,-1184.512034019012,-1113.3832328223734,-76850657093942.3
gamma,fsrq,40,7,343,-1093.3332014229427,-1186.0957887684385,-1113.620608705589,-1088.434787280607
gamma,fsrq,40,8,343,-1114.7828041769255,-1271.814563613888,-1138.122621541765,-1111.8243610240156
gamma,fsrq,40,9,343,-1097.400878970318,-1192.8035678577396,-1131.9036138830243,-1107.189079373779
gamma,fsrq,40,10,343,-1090.2832598822129,-1184.7216477360216,-1128.119843736277,-1092.3628740998035
gamma,fsrq,40,11,343,-1095.4709245848749,-1187.331984959779,-1127.630097006663,-620581120128542.8
gamma,fsrq,40,12,343,-1097.450721135102,-1201.650688945685,-1128.7733180924963,-206166543955547.1
gamma,fsrq,40,13,343,-1107.6793071602917,-1213.2136108741522,-1149.0840587258774,-1091.5642557250735
gamma,fsrq,40,14,343,-1109.2307103419612,-1191.2229027354308,-1191.2229027354308,-6905756804580.416
gamma,fsrq,40,15,343,-1106.2264194024096,-1190.1684920656978,-1190.1684920656976,-1122.0337597770263
gamma,fsrq,40,16,343,-1091.5447343499611,-1185.747013269136,-1185.7470132691358,-1096.3192247434658
gamma,fsrq,40,17,343,-1105.475534636675,-1210.3103176127809,-1185.811009860044,-66004819396734.734
gamma,fsrq,40,18,343,-1097.283612390381,-1196.7719120755298,-1191.731769341177,-96333778293376.44
gamma,fsrq,40,19,343,-1091.1150833624715,-1183.5899211213145,-1102.4116600706125,-1086.0276406088458
gamma,fsrq,80,0,343,-1092.2373622817756,-1189.973725584773,-1130.1504118280477,-1088.587003547516
gamma,fsrq,80,1,343,-1090.5879445080107,-1184.706204279646,-1105.6117814248546,-103894140664038.25
gamma,fsrq,80,2,343,-1089.9928942460108,-1184.4958145647533,-1108.625841388016,-1137.3232341202113
gamma,fsrq,80,3,343,-1093.4183494350073,-1186.8642679879374,-1108.7351787679684,-1085.7820109229615
gamma,fsrq,80,4,343,-1106.6577915221,-1190.8905417389446,-1123.0992975515767,-1097.2158175990876
gamma,fsrq,80,5,343,-1091.7269771820145,-1185.9314432992905,-1108.7173562890302,-1089.2383920750012
gamma,fsrq,80,6,343,-1089.7269079709322,-1187.0571973584792,-1103.752057735753,-1082.9722647952344
gamma,fsrq,80,7,343,-1094.63759093192,-1187.747694397664,-1106.3441961493645,-1092.4439636060795
gamma,fsrq,80,8,343,-1092.2050836832516,-1186.7237965535817,-1094.3629807132152,-1086.694606441306
gamma,fsrq,80,9,343,-1090.5386029100312,-1183.5142615947054,-1103.271363806572,-1089.1647194225684
gamma,fsrq,80,10,343,-1090.1235901652694,-1190.732342461289,-1114.4603766832465,-1672936734073064.8
gamma,fsrq,80,11,343,-1099.6772935326355,-1197.7382982373038,-1113.7616373437418,-1091.8477645530324
gamma,fsrq,80,12,343,-1093.2757075354696,-1187.0032198277595,-1095.7139593041193,-1091.293447455527
gamma,fsrq,80,13,343,-1094.3316327935113,-1186.521472341321,-1101.63241388464,-1095.6410319554686
gamma,fsrq,80,14,343,-1089.376759256809,-1183.554546392195,-1103.6903066164173,-1084.4905874249012
gamma,fsrq,80,15,343,-1093.9312074537024,-1186.9582990339914,-1114.5170108947564,-1090.6316110523007
gamma,fsrq,80,16,343,-1102.8801303211148,-1238.9730253383098,-1157.037756993335,-1088.9417318455212
gamma,fsrq,80,17,343,-1091.2344128544073,-1183.8990486365885,-1103.0932291452996,-1086.9124699040087
gamma,fsrq,80,18,343,-1089.9805523677023,-1183.3396399868739,-1103.4949888670221,-1083.8935387174888
gamma,fsrq,80,19,343,-1094.4168868142378,-1189.6345505592894,-1099.6649882278634,-6015481616424.956
gamma,fsrq,0,0,343,-1090.3632482903145,-1184.2983885246367,-1087.250628987154,-1084.1911540767644
gamma,bll,10,0,558,-1768.1100917218114,-2330.9628174125432,-2330.9628174125437,-1728.286369934985
gamma,bll,10,1,558,-1742.5101304254677,-1920.0654833746312,-1948.3624274132687,-1695.1267305897393
gamma,bll,10,2,558,-1686.765842818682,-1801.8975093687113,-2101.616435581381,-1701.068379185659
gamma,bll,10,3,558,-1671.6369894699117,-1793.5085504077442,-1793.5085504077442,-1670.8190742030688
gamma,bll,10,4,558,-1728.5529865815433,-1980.9236790209075,-1980.9236790209075,-1386870582526.5566
gamma,bll,10,5,558,-1665.3052171848635,-1806.025042697097,-1806.025042697097,-432902804403760.4
gamma,bll,10,6,558,-1690.414980345599,-1832.9129660467138,-1832.9129660467138,-1684.65512408127
gamma,bll,10,7,558,-3571.124221285301,-3602.626595773525,-3602.626595773526,-5043.252421840783
gamma,bll,10,8,558,-18070.323470449926,-18070.471576140782,-39480.29837857668,-2.7275174836626816e+17
gamma,bll,10,9,558,-1733.6607799046824,-1909.275657565302,-1909.275657565302,-1725.4283153488464
gamma,bll,10,10,558,-1712.0477005007,-1837.1293261499027,-1837.1293261499027,-1690.166295348678
gamma,bll,10,11,558,-1702.1534712018174,-1818.6885791985733,-2924.552781026554,-1686.5419842380913
gamma,bll,10,12,558,-1728.2042185617906,-2026.604117777081,-2013.5795328033992,-1673.8916801407322
gamma,bll,10,13,558,-1686.539980590872,-1992.064298378632,-2047.2142662166798,-298918807019275.1
gamma,bll,10,14,558,-1724.689746216676,-2115.537074527038,-2115.537074527038,-240809788273644.72
gamma,bll,10,15,558,-1766.808924271497,-2316.2222864593705,-2316.2222864593705,-77290168799530.56
gamma,bll,10,16,558,-1685.946283493592,-1882.2810403544509,-2278.2833737804913,-787037960564.2944
gamma,bll,10,17,558,-1652.5849488357612,-1796.1598059140074,-1888.3632096149518,-617803221015615.4
gamma,bll,10,18,558,-2307.784267483908,-3358.9606363620046,-38213.75456481299,-58518564170960.484
gamma,bll,10,19,558,-1660.0379706559047,-1803.5087521856562,-1896.4820490904658,-256025435323229.3
gamma,bll,20,0,558,-1842.9160577609434,-2069.6797232511854,-2069.6797232511854,-1728.3084753466965
gamma,bll,20,1,558,-1674.90776422531,-1873.0907475165536,-1873.0907475165534,-335476652657449.25
gamma,bll,20,2,558,-1653.2489789996794,-1806.4210346061986,-2161.720227951531,-1.3803421492502568e+16
gamma,bll,20,3,558,-1740.0246321190164,-2135.7395447312992,-1860.60822904544,-7066883143782095.0
gamma,bll,20,4,558,-1683.6935761525929,-1833.4843027273732,-1920.3637053875818,-30316741416771.508
gamma,bll,20,5,558,-1737.0718245202465,-2142.86835181734,-2038.0613302996308,-1731.52986530613
gamma,bll,20,6,558,-2556.6095485800365,-3391.0850328977995,-3391.0850328977986,-2142.7325915133924
gamma,bll,20,7,558,-1638.6500884512175,-1792.1886874244856,-1792.1886874244854,-1645.5378805982682
gamma,bll,20,8,558,-1645.401497108528,-1824.0726057640518,-1823.2226470641033,-1640.7764112147972
gamma,bll,20,9,558,-1671.1500675426282,-1783.8906720163952,-1779.1131073824786,-1674.260188710486
gamma,bll,20,10,558,-1671.3949648188245,-1794.3094547435262,-1794.3094547435262,-1672.195540512116
gamma,bll,20,11,558,-1653.0835383137705,-1799.0799516538386,-2027.0297209829328,-1653.4940536816193
gamma,bll,20,12,558,-1645.5971063689137,-1821.0504393384845,-1929.9299306710243,-4965861196003758.0
gamma,bll,20,13,558,-1638.2494927259504,-1782.2243496947801,-1988.1892444021958,-3048098816567657.0
gamma,bll,20,14,558,-1698.874362663098,-1975.3108788435925,-2077.7188853397483,-3214445370953479.0
gamma,bll,20,15,558,-1649.7457769287612,-1809.74945138366,-1809.74945138366,-503027188504384.7
gamma,bll,20,16,558,-1646.5009180237462,-1807.5061594121248,-1807.5061594121248,-1656.424296327093
gamma,bll,20,17,558,-1647.2121339949276,-1833.142924134213,-1833.142924134213,-1639.4266145378315
gamma,bll,20,18,558,-1667.6176893544746,-1847.9164872034153,-1820.098593983804,-1.7892218333072634e+16
gamma,bll,20,19,558,-1672.2939818533073,-1918.1538538016257,-1918.1538538016257,-488978719206185.9
gamma,bll,40,0,558,-1655.2782722424881,-1806.5393854887443,-1689.2365576112306,-1650.6514042621761
gamma,bll,40,1,558,-1641.009132786908,-1801.5900344014344,-1672.176537486895,-1637.1165684314226
gamma,bll,40,2,558,-1644.0622933437462,-1785.6401207328045,-1676.6748920038647,-1637.4659955344357
gamma,bll,40,3,558,-1653.2141999548244,-1782.3955228424109,-1781.0996655716444,-60137303549482.33
gamma,bll,40,4,558,-1641.5929024540742,-1791.6504268070425,-1750.8572424899448,-1642.656301971911
gamma,bll,40,5,558,-1680.6758326114293,-1878.7544552765512,-1861.4074320244472,-1646.1654458261316
gamma,bll,40,6,558,-1651.6400728039653,-1827.1430673167665,-1757.616915990914,-1642.5324798453878
gamma,bll,40,7,558,-1639.0329319261623,-1791.1241281428859,-1688.2996904898455,-1197417719815746.0
gamma,bll,40,8,558,-1669.9848336793575,-1839.6871826564288,-1839.6871826564293,-1639.4282678906852
gamma,bll,40,9,558,-1638.2243166793264,-1779.5024017616743,-1670.5861124986975,-1634.0113662177082
gamma,bll,40,10,558,-1652.4279883353547,-1838.9285740496275,-1960.8004725199821,-1649.8126609120513
gamma,bll,40,11,558,-1690.3864163402523,-1876.684491199871,-1876.684491199871,-1680.913706967804
gamma,bll,40,12,558,-1657.0757466457162,-1787.204061113241,-1752.9286327618593,-1645.2848023481342
gamma,bll,40,13,558,-1638.2472024961335,-1779.1100464699223,-1683.0676066133997,-1636.628801993721
gamma,bll,40,14,558,-1642.2006534709808,-1782.6685583743965,-1682.3712782917905,-1642.543818386032
gamma,bll,40,15,558,-1637.7544780504577,-1781.593052630962,-1818.8695248336144,-1663.790036333269
gamma,bll,40,16,558,-1644.3641282805158,-1821.2270432266457,-1726.0519637402685,-1399222644685051.2
gamma,bll,40,17,558,-1830.9670739023386,-2290.6128482057948,-2290.612848205795,-1742.0127998451073
gamma,bll,40,18,558,-1958.1653764516295,-2572.519365279257,-2572.5193652792573,-1811.6216768847412
gamma,bll,40,19,558,-1640.5519314080325,-1805.2335530747223,-1777.7872745153277,-1908.7299124640804
gamma,bll,80,0,558,-1649.0079206524592,-1838.5998967152714,-1707.2312144017421,-1644.1636249966698
gamma,bll,80,1,558,-1670.8459001815288,-1892.0309194437073,-1876.6855277471814,-1658.9565563597112
gamma,bll,80,2,558,-1638.1034470919399,-1781.3050189136443,-1682.4164270107544,-1634.4679969534163
gamma,bll,80,3,558,-1641.956311856283,-1784.2597216235065,-1680.0108312051552,-1642.6646047701308
gamma,bll,80,4,558,-1638.3255639787076,-1788.9019871659593,-1677.6811350994208,-1634.4426995097251
gamma,bll,80,5,558,-1642.1129894191974,-1786.237627503079,-1670.8303184636002,-1837.4830597961898
gamma,bll,80,6,558,-1635.9703989302475,-1782.7346426107747,-1669.0693250552254,-1632.7759136206728
gamma,bll,80,7,558,-1638.4498393531426,-1781.5846850699334,-1669.1414728863074,-781680834780427.6
gamma,bll,80,8,558,-1638.4484843005362,-1781.7111669153387,-1667.1340327781088,-1634.6293820575274
gamma,bll,80,9,558,-1648.0021825303418,-1812.2072844071529,-1695.9646607282766,-1646.5716305865703
gamma,bll,80,10,558,-1657.4017316013642,-1828.5758369507748,-1697.4744461553064,-1650.2445235122905
gamma,bll,80,11,558,-1636.8045034331235,-1779.300635038122,-1687.9755821098634,-1631.9061922364626
gamma,bll,80,12,558,-1664.939904886596,-1889.676376343108,-1739.2026316011722,-1654.1395102149
gamma,bll,80,13,558,-1655.7759206468536,-1867.4390705321064,-1711.4992082073595,-1650.3991403732389
gamma,bll,80,14,558,-1643.5497421630384,-1787.4322041063758,-1708.9651731055608,-1639.0266390882434
gamma,bll,80,15,558,-1659.0536765401644,-1875.3834275618,-1705.7721561132412,-1659.7985636617368
gamma,bll,80,16,558,-1650.0704977849537,-1784.3350540545516,-1713.9243916011228,-1639.9433568951
gamma,bll,80,17,558,-1666.9821986364198,-1810.517039074376,-1693.367759889833,-1659.5348127741627
gamma,bll,80,18,558,-1642.1903042342708,-1785.4552034168635,-1672.2819199940309,-1640.124575373483
gamma,bll,80,19,558,-1641.641251236391,-1794.453681069215,-1661.650777892557,-1640.9405466289413
gamma,bll,0,0,558,-1636.9961269622463,-1781.7962575629676,-1642.4399731792623,-1632.5972808553372
gamma,bcu,10,0,645,-1480.38372680248,-2156.0884696616795,-2156.0884696616827,-9957820940008684.0
gamma,bcu,10,1,645,-1356.2638468330774,-1450.8868446361494,-1450.8868446361491,-1366.1688309071128
gamma,bcu,10,2,645,-1271.4760620473953,-1340.6185072740186,-1340.6185072740186,-198800967595842.06
gamma,bcu,10,3,645,-1282.742658038767,-1606.661157101014,-1761.0273643898354,-1406369223590405.0
gamma,bcu,10,4,645,-1230.979505180447,-1341.5366344105391,-1634.7397693657754,-1228.0848690579178
gamma,bcu,10,5,645,-1386.7751314940533,-1658.9085490640887,-1551.625284633881,-172401966882155.2
gamma,bcu,10,6,645,-1227.9534362202724,-1340.2942812826177,-1340.294281282618,-1225.168434686952
gamma,bcu,10,7,645,-1190.4065165490176,-1331.9980331285274,-1331.9980331285274,-1194.514705848445
gamma,bcu,10,8,645,-1766.875905940506,-1793.9964363330166,-1793.996436333015,-3.549732829078855e+16
gamma,bcu,10,9,645,-1194.6583122212162,-1333.0566249822807,-1333.0566249822807,-1230.6369709418486
gamma,bcu,10,10,645,-1247.8663028225687,-1500.298874999873,-1500.298874999873,-3610561958353367.0
gamma,bcu,10,11,645,-1267.0531691481335,-1496.0540110406537,-1769.011980745803,-1259.4618869918122
gamma,bcu,10,12,645,-1254.5986201481724,-1485.7467162883877,-1485.7467162883877,-2.776882476101308e+17
gamma,bcu,10,13,645,-1254.263575195804,-1560.089610831375,-1560.089610831375,-1228.6588323343829
gamma,bcu,10,14,645,-1211.5317992502094,-1337.2490136258743,-1337.2490136258739,-6799820881975615.0
gamma,bcu,10,15,645,-1250.449439436542,-1417.594964021925,-1434.0522838563825,-2361277228747572.0
gamma,bcu,10,16,645,-1221.298796119635,-1473.0737023955714,-1473.0737023955712,-1251.522470233349
gamma,bcu,10,17,645,-1503.9652847905272,-1634.175893916317,-3536.8645827562455,-1437874679294037.8
gamma,bcu,10,18,645,-1945.9519160906884,-3377.0959086136518,-79589.38234910816,-2.2058624073149676e+16
gamma,bcu,10,19,645,-1504.2750363098971,-1609.0692609631428,-1609.0692609631442,-1.4708326646513933e+18
gamma,bcu,20,0,645,-1402.304908437372,-1830.7852790341192,-1830.7852790341185,-1396.058745127183
gamma,bcu,20,1,645,-1217.178779040252,-1413.8476878442148,-1270.104775138542,-1214.180281516394
gamma,bcu,20,2,645,-1233.0482563614669,-1424.7194134639078,-1321.182790582368,-1227.7667434613134
gamma,bcu,20,3,645,-1207.6976641812162,-1457.598574737287,-1253.9659827809182,-396680633179806.3
gamma,bcu,20,4,645,-1221.0391784693793,-1381.8726987784212,-3061.980778107227,-1208.877818283765
gamma,bcu,20,5,645,-1275.1430340502293,-1394.4284493476341,-1394.4284493476334,-1242.614895949388
gamma,bcu,20,6,645,-1255.6841208844116,-1369.932663100747,-1372.2677902618498,-6905477513815835.0
gamma,bcu,20,7,645,-1197.3653721936194,-1380.205898824238,-1235.6736145166315,-1194.692627393094
gamma,bcu,20,8,645,-1253.857073201375,-1331.330737835017,-1331.330737835017,-119844329310.05705
gamma,bcu,20,9,645,-1183.7006538537657,-1337.3153922181205,-1337.3153922181205,-1179.5969885353727
gamma,bcu,20,10,645,-1205.0078860041135,-1357.1619254132672,-1357.1619254132675,-7942305912393.041
gamma,bcu,20,11,645,-1183.1604139094761,-1324.7159865152103,-1315.3623572618874,-1181.928705025197
gamma,bcu,20,12,645,-1216.6925730131381,-1328.324072608778,-1328.324072608778,-1185.1233281206355
gamma,bcu,20,13,645,-1207.2287062010182,-1334.5688753121767,-1334.5688753121767,-1186.4537755461974
gamma,bcu,20,14,645,-1260.165259260732,-1426.6360013463632,-1426.6360013463632,-731779543305299.2
gamma,bcu,20,15,645,-1197.450789717946,-1330.3839477823476,-1330.3839477823476,-97933030799506.16
gamma,bcu,20,16,645,-1249.8122356665788,-1384.933574226728,-1384.9335742267278,-1240.1739831973214
gamma,bcu,20,17,645,-1194.9804917846398,-1336.235824384247,-1336.235824384247,-6.082033941544298e+16
gamma,bcu,20,18,645,-1296.098124686533,-1583.5651451201998,-1583.5651451201995,-97611506273671.7
gamma,bcu,20,19,645,-1208.190840587691,-1341.7770054552725,-1333.0590859365911,-1195.0508157254776
gamma,bcu,40,0,645,-1214.8376184396934,-1393.6035875282419,-1231.350376021264,-1209.839163109401
gamma,bcu,40,1,645,-1204.6697536796792,-1417.8764680725183,-1417.876468072518,-1200.5533228890133
gamma,bcu,40,2,645,-1233.3086074595644,-1439.9116992955169,-1257.2641191651546,-101266219723470.92
gamma,bcu,40,3,645,-1192.5094641359974,-1336.7355625665027,-1434.7938377105788,-1190.8130376679087
gamma,bcu,40,4,645,-1190.3900229453452,-1325.0723795198971,-1219.5607577607097,-1196.549896215023
gamma,bcu,40,5,645,-1219.4310254152504,-1439.7463309014547,-1265.4622353930126,-849335387320.5734
gamma,bcu,40,6,645,-1187.8370573294671,-1329.7982125574724,-1262.7894839889666,-1192.3612621837344
gamma,bcu,40,7,645,-1213.0257386307867,-1391.0155808776312,-1227.7951815106715,-1209.4859650332496
gamma,bcu,40,8,645,-1274.7903281030792,-1437.4276479823388,-1302.8315243950467,-1267.2079708611273
gamma,bcu,40,9,645,-1193.363367770262,-1349.8763482982522,-1353.74644721964,-1190.8742922518013
gamma,bcu,40,10,645,-1190.9294563276005,-1326.7115379609122,-1259.39427810026,-1195.3300266438177
gamma,bcu,40,11,645,-1207.2397967526324,-1338.173578840325,-1338.173578840325,-1223.6864524357861
gamma,bcu,40,12,645,-1196.4240128047454,-1327.7117143622122,-1327.7117143622124,-1201.2674027361054
gamma,bcu,40,13,645,-1193.4385951324703,-1359.7473150128494,-1220.8995295867858,-1212.009943042624
gamma,bcu,40,14,645,-1199.7229190033597,-1324.996588684709,-1324.9965886847094,-1191.9244260974133
gamma,bcu,40,15,645,-1197.49801746249,-1390.2310721874924,-1261.1037855684326,-5946756188846056.0
gamma,bcu,40,16,645,-1189.9513460900937,-1332.5646210604398,-1332.5646210604398,-1190.531655346782
gamma,bcu,40,17,645,-1183.322466934746,-1329.6646409284085,-1205.5856340103503,-1180.3116315238153
gamma,bcu,40,18,645,-1188.0854324769175,-1336.141612687018,-1229.7563260443164,-1265.202271197539
gamma,bcu,40,19,645,-1201.9572055040926,-1326.4072857120218,-1281.103926986711,-1202.010037692516
gamma,bcu,80,0,645,-1195.6262647074736,-1354.3878455073313,-1232.6693764091337,-1198.3966868840384
gamma,bcu,80,1,645,-1197.4994852191107,-1372.2051479507509,-1219.8899319184552,-1194.8540268272745
gamma,bcu,80,2,645,-1199.5354162061246,-1355.912338254351,-1215.970567242839,-1201.0017016280453
gamma,bcu,80,3,645,-1182.8002011026758,-1324.351426429716,-1260.5885599414314,-1179.8049424219673
gamma,bcu,80,4,645,-1193.4853334478553,-1349.8618674743427,-1227.766289765479,-1192.9678584446815
gamma,bcu,80,5,645,-1198.3807247301536,-1369.9933600088139,-1218.2978459937856,-1198.1215827297324
gamma,bcu,80,6,645,-1195.4099357519767,-1345.639293254894,-1234.4937231757303,-1198.3220848773196
gamma,bcu,80,7,645,-1214.6370122737712,-1342.8804058245091,-1278.5363368195317,-1214.81615932536
gamma,bcu,80,8,645,-1185.3305484884781,-1333.774993455072,-1239.969603887177,-1182.9428605581945
gamma,bcu,80,9,645,-1190.231637981282,-1324.4367890816743,-1238.1838528418605,-1187.2734500679026
gamma,bcu,80,10,645,-1215.0835857304967,-1348.2666077621504,-1263.4556458008421,-1198.1534125116145
gamma,bcu,80,11,645,-1189.1080230833054,-1346.6566324844503,-1210.2286331699509,-1185.7956699360916
gamma,bcu,80,12,645,-1183.3790301136414,-1331.4293023504583,-1212.2980283894312,-1180.618275435002
gamma,bcu,80,13,645,-1198.6516428110053,-1347.849829660169,-1282.4681528300666,-1196.315634851707
gamma,bcu,80,14,645,-1194.463629854356,-1356.6490908046746,-1219.4783295025422,-1194.9925069734422
gamma,bcu,80,15,645,-1186.1814416119194,-1328.3299345867833,-1204.1820475591162,-1184.6327464952917
gamma,bcu,80,16,645,-1210.724817656114,-1395.931194854617,-1231.996140213412,-1209.3151266634318
gamma,bcu,80,17,645,-1189.0448502230886,-1364.1023433185449,-1219.6172394142532,-1186.4197817753031
gamma,bcu,80,18,645,-1191.969312191826,-1343.4499558097236,-1241.9454552558916,-1189.6249291138183
gamma,bcu,80,19,645,-1201.643573872022,-1356.4899472726947,-1215.1386581055544,-1204.5954173188384
gamma,bcu,0,0,645,-1188.6336456352878,-1338.3738045552082,-1184.68980646722,-1185.7704311614452
gamma,unassoc,10,0,828,-2948.2293626868554,-3295.169952786149,-3908.2365473817927,-2784.0083318972015
gamma,unassoc,10,1,828,-2675.536378125512,-2830.41743485839,-2997.0342649257987,-55190446784353.41
gamma,unassoc,10,2,828,-2688.18193984206,-2907.531402109945,-2907.531402109945,-13329490814023.498
gamma,unassoc,10,3,828,-2681.551361423527,-2857.8476886258736,-2857.847688625874,-7468528607257984.0
gamma,unassoc,10,4,828,-2662.3123554607064,-2846.443304076304,-2846.4433040763033,-115527807352454.58
gamma,unassoc,10,5,828,-2831.360583744582,-3171.483982521876,-3171.483982521876,-2763.718250681657
gamma,unassoc,10,6,828,-2718.4353655204277,-2905.4424041764078,-2905.4424041764078,-2736.8032290750234
gamma,unassoc,10,7,828,-2755.970200923921,-2896.333149454398,-2896.333149454398,-186506796494312.38
gamma,unassoc,10,8,828,-2926.346351124023,-3516.189645659595,-3516.1896456595946,-3967038138101.6255
gamma,unassoc,10,9,828,-2646.494768949553,-2836.498588526462,-3086.8129443337625,-117290147056474.48
gamma,unassoc,10,10,828,-2870.0698758903072,-3131.7989875063104,-3131.798987506311,-2795.371096195833
gamma,unassoc,10,11,828,-4194.775450188326,-6740.405714884888,-6740.40571488489,-40901372958779.7
gamma,unassoc,10,12,828,-2679.2117287301608,-2839.556992034085,-2839.556992034085,-2695.8226298124205
gamma,unassoc,10,13,828,-2692.9733524162175,-2845.5520590304286,-2890.479039012212,-21852650749189.477
gamma,unassoc,10,14,828,-3068.934115523583,-3004.089753965339,-3004.089753965339,-3020.5863565473087
gamma,unassoc,10,15,828,-2743.370637625979,-2877.0160604753273,-2877.016060475327,-2758.5896944965493
gamma,unassoc,10,16,828,-2692.6409688012973,-3008.1851423239505,-3136.2532960603567,-384495872081544.6
gamma,unassoc,10,17,828,-2661.5378745659573,-2839.3931882400166,-2839.3931882400157,-86559031804080.1
gamma,unassoc,10,18,828,-2667.912623760953,-2905.056428823435,-3771.450881445786,-201363101048052.94
gamma,unassoc,10,19,828,-2868.6885000262955,-3080.0056611878654,-3080.0056611878654,-2806.6978729550456
gamma,unassoc,20,0,828,-2658.9770407517217,-2872.819437089979,-2872.819437089979,-352052865257396.0
gamma,unassoc,20,1,828,-2669.8991539095605,-2850.7241881254404,-2920.1166390325643,-2677.390168267297
gamma,unassoc,20,2,828,-2834.17904442413,-3002.522477733089,-3283.671195548321,-635964091536413.5
gamma,unassoc,20,3,828,-2760.6549634157736,-3102.9437739601535,-3102.9437739601535,-2733.5532591897463
gamma,unassoc,20,4,828,-3408.396602722778,-3583.89652500469,-3583.89652500469,-4405.964368166722
gamma,unassoc,20,5,828,-2829.245118142245,-2930.112925271245,-3256.394113738078,-2831.453868206834
gamma,unassoc,20,6,828,-2658.3431341970763,-2861.1579756126425,-2861.157975612642,-2654.7459991158166
gamma,unassoc,20,7,828,-2667.326397210112,-2902.8459024137583,-2902.8459024137583,-2471824760135945.0
gamma,unassoc,20,8,828,-2691.2036671753403,-2885.9152318397482,-2885.915231839748,-6223878317949.087
gamma,unassoc,20,9,828,-2707.7804033069133,-3050.5167661655078,-3214.797646195747,-2706.764917434432
gamma,unassoc,20,10,828,-2666.422706242578,-2883.8860222618127,-2875.657512657158,-2667.38746376144
gamma,unassoc,20,11,828,-2660.2975971519845,-2870.057140756875,-2822.095115089088,-1.727420048360456e+16
gamma,unassoc,20,12,828,-2658.2073935488625,-2859.906339721166,-3108.1182207146508,-2674.7168090727314
gamma,unassoc,20,13,828,-2787.729763214872,-3308.629313157701,-4091.9299699776975,-2744.5692515648816
gamma,unassoc,20,14,828,-2857.142638920019,-3207.621331265712,-3207.621331265712,-2586004271053507.0
gamma,unassoc,20,15,828,-2660.800229743136,-2878.6073851608294,-2878.607385160829,-2653.3552283898844
gamma,unassoc,20,16,828,-2715.740010339382,-2925.607334364602,-2765.488135918573,-2721.2841652240004
gamma,unassoc,20,17,828,-2660.574523969286,-2841.464942295917,-2765.7767961990785,-110064400138370.64
gamma,unassoc,20,18,828,-2844.921488729976,-3112.9506365105535,-3031.591929978559,-8626512956766484.0
gamma,unassoc,20,19,828,-2653.0566646676803,-2858.156944637206,-3538.359156228649,-2653.25704638222
gamma,unassoc,40,0,828,-2654.172947974683,-2837.7131231299536,-2733.2738516421778,-2649.5473586127437
gamma,unassoc,40,1,828,-2662.762917389402,-2836.71146987304,-2836.71146987304,-2650.8455665602714
gamma,unassoc,40,2,828,-2667.953833199555,-2896.1939068144306,-3449.012031038994,-2647.5856931435446
gamma,unassoc,40,3,828,-2670.5574177199624,-2841.113716587737,-2725.8702989014987,-2657.4819717525306
gamma,unassoc,40,4,828,-2673.1933947279203,-2891.5892263984492,-2714.6908350893723,-2672.115177103407
gamma,unassoc,40,5,828,-2665.0105705881274,-2840.4785281929226,-2734.057129390837,-56411891430617.125
gamma,unassoc,40,6,828,-2818.054251668452,-2852.503681108771,-2810.3925411021505,-1249514533148766.5
gamma,unassoc,40,7,828,-2679.3346084279774,-2864.560948780594,-2913.4518892168317,-2664.7626819056104
gamma,unassoc,40,8,828,-2652.1885837611553,-2824.3587504809966,-2824.3587504809966,-2647.532569809969
gamma,unassoc,40,9,828,-2648.1079197834742,-2842.3793427096834,-2688.194640470135,-2650.6173363790103
gamma,unassoc,40,10,828,-2695.6250887430597,-2962.629040046584,-2811.8290019236383,-2709.6992618548393
gamma,unassoc,40,11,828,-2669.395165063046,-2849.937861802872,-2708.5094060868305,-2689.4346071624
gamma,unassoc,40,12,828,-2648.021431399784,-2826.1514898097294,-2826.9520164194014,-2668.523029126696
gamma,unassoc,40,13,828,-2650.331153347226,-2865.8107515855436,-2829.24039498326,-2645.274708212956
gamma,unassoc,40,14,828,-2667.289608835672,-2829.15506114035,-2748.466617930092,-1006874932449048.5
gamma,unassoc,40,15,828,-2649.8185053342695,-2843.5039977197303,-2843.50399771973,-2643.2748805994984
gamma,unassoc,40,16,828,-2643.443618695839,-2825.8554678120777,-2681.42098431532,-2650.8631505702956
gamma,unassoc,40,17,828,-2655.3209416507493,-2855.458395761268,-2708.671889034874,-2661.879944898614
gamma,unassoc,40,18,828,-3358.8671787910243,-3954.8841635498993,-3954.8841635499,-3043.44411432961
gamma,unassoc,40,19,828,-2648.853251256977,-2863.1579762151277,-2945.609767833512,-2642.45738869911
gamma,unassoc,80,0,828,-2683.156087590958,-2957.953238213852,-2909.491998761679,-2672.5928930156097
gamma,unassoc,80,1,828,-2651.244662430341,-2825.6209042500827,-2707.549301395221,-2664.915559978172
gamma,unassoc,80,2,828,-2661.0937791359925,-2824.3648390060143,-2700.9406711445936,-737876293573888.0
gamma,unassoc,80,3,828,-2647.3387824793,-2831.9418204092576,-2694.2509873212703,-2651.0991374431587
gamma,unassoc,80,4,828,-2659.717525703877,-2840.287294953262,-2731.8877899262743,-2675.549191035744
gamma,unassoc,80,5,828,-2661.966828667645,-2842.1821288450174,-2685.895353131029,-2657.3791488497327
gamma,unassoc,80,6,828,-2646.5844947751348,-2828.1564736314544,-2698.297232104447,-2645.22828777463
gamma,unassoc,80,7,828,-2662.4301969197036,-2885.6729201130256,-2778.180028002354,-2653.291823313293
gamma,unassoc,80,8,828,-2663.4220996382837,-2876.488238302336,-2730.5067646757166,-2661.252615192241
gamma,unassoc,80,9,828,-2667.9979160706744,-2838.9184222934664,-2714.5687080194007,-2679.0529965522464
gamma,unassoc,80,10,828,-2649.2989401574146,-2836.037507935729,-2676.8642940394902,-2901.8180004581445
gamma,unassoc,80,11,828,-2650.2983904885036,-2849.308959790189,-2714.5810200279593,-2650.0402263674378
gamma,unassoc,80,12,828,-2655.9936442459084,-2832.250746598599,-2752.2163204493036,-2663.666824404809
gamma,unassoc,80,13,828,-2659.6311437968234,-2857.3696315534535,-2744.1558437744193,-2660.536327766471
gamma,unassoc,80,14,828,-2644.6123642823504,-2831.794636022733,-2714.7664894113223,-2643.0095903583915
gamma,unassoc,80,15,828,-2663.3153639405596,-2824.340733307939,-2702.303984224612,-2663.3561049952723
gamma,unassoc,80,16,828,-2646.306808733547,-2832.3778459086525,-2692.701428164067,-2647.21782509726
gamma,unassoc,80,17,828,-2687.009900149646,-2942.5161967013864,-2794.1531290182074,-2665.6468544657323
gamma,unassoc,80,18,828,-2643.5087137548453,-2826.781852619429,-2687.551524710911,-2640.7736940646037
gamma,unassoc,80,19,828,-2645.8758126853327,-2824.978031501481,-2705.2049656899953,-2646.364351180343
gamma,unassoc,0,0,828,-2644.3588693916854,-2824.2081480441443,-2646.4700658241363,-2642.217509654718
hardxray,sy1,10,0,186,-726.6520291004942,-797.4344901726045,-797.4344901726045,-728.6952679357227
hardxray,sy1,10,1,186,-700.3095596155338,-787.4646756865502,-735.7695255552551,-89152990279802.19
hardxray,sy1,10,2,186,-752.0963659867574,-817.2514638708633,-817.2514638708633,-734.432410237629
hardxray,sy1,10,3,186,-737.457825166004,-1071.2000887931333,-1071.2000887931333,-729.6837008216439
hardxray,sy1,10,4,186,-712.8384417449695,-792.7216412637832,-775.2962801527013,-25820934875773.715
hardxray,sy1,10,5,186,-797.9166305491865,-882.1168013174897,-882.1168013174897,-767.3517292303738
hardxray,sy1,10,6,186,-730.5388747564464,-855.6448919465427,-855.6448919465424,-699.9031449886572
hardxray,sy1,10,7,186,-714.1370236426908,-797.0340502816002,-906.3601713842696,-450473040838248.94
hardxray,sy1,10,8,186,-1607.9508564424896,-1607.9488731646877,-1607.9488731646948,-920.3521296203103
hardxray,sy1,10,9,186,-793.1170203998402,-1057.8041906045105,-965.0936538827254,-1947163582966120.8
hardxray,sy1,10,10,186,-700.7398902589264,-791.5492024247023,-833.9554802188429,-509042105091655.06
hardxray,sy1,10,11,186,-721.6085019067739,-794.884767049654,-794.8847670496539,-1151369294330969.0
hardxray,sy1,10,12,186,-721.0338246530819,-809.6655542397457,-809.6655542397457,-237769188864381.9
hardxray,sy1,10,13,186,-705.8079361184261,-791.5356406694182,-791.5356406694182,-37294663979198.41
hardxray,sy1,10,14,186,-923.351989103699,-948.6154984912527,-5251.148118056506,-1.3118421423987116e+16
hardxray,sy1,10,15,186,-714.9076945646201,-870.4078085924479,-870.4078085924481,-64123514316407.016
hardxray,sy1,10,16,186,-702.3326382608892,-815.9432393158818,-859.7982429204528,-1535677236574796.2
hardxray,sy1,10,17,186,-705.4489707992126,-788.3345797839949,-788.334579783995,-703.0680714421505
hardxray,sy1,10,18,186,-950.3224752467914,-1033.6011798934599,-1033.6011798934612,-818.944867779658
hardxray,sy1,10,19,186,-736.0367987798061,-848.1163438149072,-848.1163438149075,-1311417361071.4404
hardxray,sy1,20,0,186,-707.2998441495968,-789.3575195117647,-789.3575195117646,-703.2905015884385
hardxray,sy1,20,1,186,-711.7392024073063,-789.0242530273385,-725.5361074019131,-702.5457542709742
hardxray,sy1,20,2,186,-709.9090259124691,-831.9675735265441,-806.5569214351435,-708.2460422995838
hardxray,sy1,20,3,186,-704.0526945150856,-787.6928314632096,-712.4559138445256,-173780905013654.97
hardxray,sy1,20,4,186,-703.831154568438,-808.3163127731411,-927.3822762232635,-776194770660410.0
hardxray,sy1,20,5,186,-704.2937620296238,-803.9963819066008,-787.9633428274894,-364187542336784.25
hardxray,sy1,20,6,186,-705.7038321496893,-814.6370800020175,-727.3796865371079,-716.7368646996928
hardxray,sy1,20,7,186,-744.5860789850728,-1076.135510862338,-1076.135510862338,-754.3138267320434
hardxray,sy1,20,8,186,-709.980855889901,-868.5279371650788,-868.5279371650788,-3891061499804468.0
hardxray,sy1,20,9,186,-705.6138670861911,-791.5675791260501,-723.7113131453416,-256786916879563.62
hardxray,sy1,20,10,186,-707.3739086047103,-788.372831019819,-788.3728310198189,-705.6501261381711
hardxray,sy1,20,11,186,-777.9726571357439,-842.1157952724352,-842.1157952724352,-747.3603441314029
hardxray,sy1,20,12,186,-713.6829055947112,-796.5990750742792,-753.1610396404227,-251014926062742.88
hardxray,sy1,20,13,186,-706.4127583987176,-836.2974632088574,-842.5674087819784,-704.5306438275642
hardxray,sy1,20,14,186,-703.5891839180922,-800.9723529525036,-753.3398569906764,-4667908006068492.0
hardxray,sy1,20,15,186,-740.1498312874256,-822.7670323618426,-1032.3477952215956,-76388786220256.44
hardxray,sy1,20,16,186,-700.7590901485389,-786.2616391570921,-737.2389026690221,-697.8385830981799
hardxray,sy1,20,17,186,-707.5568003418666,-792.8164326243221,-771.4665300447248,-701.7835094237794
hardxray,sy1,20,18,186,-710.1564851995765,-835.9874562308582,-810.6534594605455,-520180180053416.25
hardxray,sy1,20,19,186,-722.8347791847236,-952.9923714792917,-1835.820172261414,-723.6087775013076
hardxray,sy1,40,0,186,-705.3216648117572,-801.8913118849239,-770.6448120749305,-708.3988644099761
hardxray,sy1,40,1,186,-700.4386217370879,-789.3683953595533,-762.564803176421,-695.1371396839875
hardxray,sy1,40,2,186,-706.144478363706,-787.6712550097888,-717.6944370718381,-1498082837394845.2
hardxray,sy1,40,3,186,-706.8728088160796,-816.463843223684,-719.7315623337527,-2196161087459219.5
hardxray,sy1,40,4,186,-702.5368976870038,-821.385234867198,-821.3852348671978,-699.2565244227758
hardxray,sy1,40,5,186,-700.9951173439558,-796.0863809737855,-735.3337371209864,-698.8207307417364
hardxray,sy1,40,6,186,-702.2547842341313,-785.0619218966931,-715.6319853764294,-696.4366032564194
hardxray,sy1,40,7,186,-703.3194650737706,-800.6247629067248,-743.8290145213396,-697.5445150991911
hardxray,sy1,40,8,186,-706.9659746016087,-791.1823465703919,-743.0966108803136,-2891321351936027.5
hardxray,sy1,40,9,186,-709.6056813085336,-818.4437953949703,-747.4026045693922,-707.3119792644466
hardxray,sy1,40,10,186,-704.6462838614368,-789.721162810078,-727.1450228174986,-698.3830870189345
hardxray,sy1,40,11,186,-703.9793026956229,-788.0131608457249,-720.2295918808818,-704.5372519050826
hardxray,sy1,40,12,186,-703.2582914326726,-815.5198936193756,-732.9192462051963,-699.6467127860839
hardxray,sy1,40,13,186,-700.6936444966241,-784.760819805538,-722.338708237187,-1738876668268019.2
hardxray,sy1,40,14,186,-701.8150154711634,-788.9218434802615,-721.2632411654488,-698.4262338544972
hardxray,sy1,40,15,186,-704.8709938579665,-835.9650452291595,-738.4467274083745,-702.9877011683532
hardxray,sy1,40,16,186,-711.9474851633308,-813.873301804526,-1418.945842594582,-706.2867697614266
hardxray,sy1,40,17,186,-709.1152694466927,-788.8649877667197,-772.506402004119,-711.6064926581208
hardxray,sy1,40,18,186,-705.5137039821586,-865.3266723566644,-818.6450745473503,-639549101028857.0
hardxray,sy1,40,19,186,-712.7964830169407,-787.2115697073529,-732.4738943150627,-704.0327310247698
hardxray,sy1,80,0,186,-701.4153355484518,-800.9733870705016,-720.6601948879754,-696.6958042461557
hardxray,sy1,80,1,186,-701.5238991409426,-787.2735150760209,-713.7976925212342,-696.3898667026854
hardxray,sy1,80,2,186,-701.5603114318532,-803.4318126666328,-716.1968278735071,-697.631297642162
hardxray,sy1,80,3,186,-701.2108630935825,-814.0527162948931,-742.2760672897896,-697.4278424712566
hardxray,sy1,80,4,186,-700.3872330679496,-787.6966666253766,-711.5874495179114,-695.5201418941581
hardxray,sy1,80,5,186,-706.4241306852955,-789.1532690756857,-721.8672760309137,-700.5349880200354
hardxray,sy1,80,6,186,-701.7907875116562,-785.8420490398854,-727.3477848276533,-134542207378652.03
hardxray,sy1,80,7,186,-702.1913902551587,-793.8780527323426,-721.8737297071004,-696.4722736060207
hardxray,sy1,80,8,186,-701.4424341826368,-789.5648129164609,-745.0455608989776,-696.5077462712181
hardxray,sy1,80,9,186,-702.2763992240222,-790.7904932831684,-735.6062423660711,-696.1610258487896
hardxray,sy1,80,10,186,-700.5515071793691,-795.6558055973903,-727.369664788433,-696.3762538209904
hardxray,sy1,80,11,186,-700.7957239174906,-801.519830571609,-752.7132784128543,-696.6626330471445
hardxray,sy1,80,12,186,-703.2528378335585,-791.5235660174214,-732.5589800037475,-697.2447049469495
hardxray,sy1,80,13,186,-702.1311195036851,-800.5450239282329,-725.683944818794,-697.0203504118565
hardxray,sy1,80,14,186,-701.1851841539815,-814.67065565752,-742.6502432830082,-696.1084285884017
hardxray,sy1,80,15,186,-701.7712453682964,-808.0584828218633,-717.112693297943,-698.2229143587327
hardxray,sy1,80,16,186,-704.3280923487489,-791.0443696438382,-719.7465103243535,-700.0969001500512
hardxray,sy1,80,17,186,-700.6700336172485,-801.9917996304252,-738.0556383643799,-696.3328980132844
hardxray,sy1,80,18,186,-702.1635462947479,-792.6513140279576,-725.6144519916108,-697.6882317663047
hardxray,sy1,80,19,186,-701.5209649246468,-807.2098398431945,-728.6336640742568,-697.3895062750979
hardxray,sy1,0,0,186,-700.907928844105,-792.2532405871013,-722.1857772018598,-695.7644213761881
hardxray,sy2,10,0,227,-975.2047650516481,-1217.993907113185,-6481.36965285886,-5.809509070798526e+16
hardxray,sy2,10,1,227,-900.6187509605468,-1003.279966380637,-1048.44688373007,-917.8970441461852
hardxray,sy2,10,2,227,-1148.1191587512903,-1934.8238934384717,-1934.8238934384685,-1178.9989174143475
hardxray,sy2,10,3,227,-903.057680124806,-1090.725216492228,-1090.725216492228,-906.2667231286994
hardxray,sy2,10,4,227,-945.0962365458515,-1068.7449362424127,-1068.744936242413,-1234003901691642.2
hardxray,sy2,10,5,227,-904.0717718038683,-1040.635546429212,-1040.6355464292121,-2386585646091954.5
hardxray,sy2,10,6,227,-925.8687387035379,-995.5134711977626,-995.5134711977626,-3119295010186378.0
hardxray,sy2,10,7,227,-995.7878882581756,-1046.996640338367,-1046.9966403383671,-1172.9502721526826
hardxray,sy2,10,8,227,-1538.4156472605328,-2151.6950726512187,-2151.695072651206,-3013771047375212.0
hardxray,sy2,10,9,227,-892.0688046194688,-1001.4331199812456,-897.5421743293603,-3019903469643138.0
hardxray,sy2,10,10,227,-921.8695305619362,-1188.930371517929,-1188.9303715179294,-938.8667901158019
hardxray,sy2,10,11,227,-1144.9557705822583,-1144.9570279359052,-1144.957027935906,-1.0530947366713026e+16
hardxray,sy2,10,12,227,-2269.5678734460553,-2269.5693196988427,-2463.3953489973555,-2.463082173270003e+17
hardxray,sy2,10,13,227,-1065.9017516591039,-1734.3310772997365,-1734.3310772997354,-713714134471134.6
hardxray,sy2,10,14,227,-1336.814540386324,-1814.4404912751777,-1814.4404912751825,-1191.9361008416977
hardxray,sy2,10,15,227,-892.0713749492884,-976.5352516228716,-1033.4285570141437,-708882360262444.5
hardxray,sy2,10,16,227,-900.5940038054139,-979.0121612723611,-979.012161272361,-894.8048575890286
hardxray,sy2,10,17,227,-1512.6414116766841,-1892.5502872867671,-1892.5502872867587,-1243.4047681351062
hardxray,sy2,10,18,227,-1645.2166858969517,-2086.004229475815,-2086.004229475823,-1308.9828544894795
hardxray,sy2,10,19,227,-896.2045012832984,-983.5561332517369,-1037.9558103153859,-898.6665854916646
hardxray,sy2,20,0,227,-901.2243732039698,-970.3036065258998,-1004.8793632096557,-924.3027558516011
hardxray,sy2,20,1,227,-893.9777773630112,-1004.629374512141,-1004.6293745121411,-888.3642023487273
hardxray,sy2,20,2,227,-1167.809389633152,-1195.3939993244235,-1195.393999324423,-1021.1151994819745
hardxray,sy2,20,3,227,-884.2979923597359,-967.296200755571,-910.8595824469515,-270209124862.49472
hardxray,sy2,20,4,227,-885.9253865114268,-971.066497707791,-934.3185583886491,-373171267978490.1
hardxray,sy2,20,5,227,-925.8771713881658,-1113.1600271843226,-1113.1600271843226,-69652643093.46121
hardxray,sy2,20,6,227,-2116.9298137914966,-2116.9299190745774,-2116.929919074581,-2935.3305405391375
hardxray,sy2,20,7,227,-1020.1493005448566,-1306.7125688774895,-1306.7125688774904,-968.7489998915978
hardxray,sy2,20,8,227,-921.8253869057596,-1107.198978735396,-1107.198978735396,-926.7724709252416
hardxray,sy2,20,9,227,-884.9417011439538,-967.9342650954251,-967.9342650954251,-916.2955974508743
hardxray,sy2,20,10,227,-1141.9282877369506,-1141.9134758995046,-1141.913475899505,-5.893704740227557e+16
hardxray,sy2,20,11,227,-976.8147362444533,-1175.7248579243474,-1175.7248579243467,-930.3141409824652
hardxray,sy2,20,12,227,-924.326837186635,-1131.6091130255304,-1131.609113025531,-926.6080791037755
hardxray,sy2,20,13,227,-897.0072197748301,-1038.2688986822513,-1038.2688986822513,-899.1262042675726
hardxray,sy2,20,14,227,-909.2714859350967,-973.6082903829415,-963.4925047071399,-943.658896338272
hardxray,sy2,20,15,227,-899.7388416712287,-975.6432736220838,-975.6432736220835,-896.2236515261773
hardxray,sy2,20,16,227,-1021.7643782844771,-1499.07436598881,-5188.0279670834625,-1012.8272980334561
hardxray,sy2,20,17,227,-895.0221515256356,-972.5862240528827,-912.2408629203917,-918.2163326072186
hardxray,sy2,20,18,227,-898.3598277241341,-1023.4634416769616,-929.232882708131,-541728254673317.1
hardxray,sy2,20,19,227,-972.0958614526296,-1316.6529534463011,-1316.6529534463002,-969.4612696935556
hardxray,sy2,40,0,227,-886.6203684336137,-960.2978470626138,-880.6582498075973,-898.9110910131094
hardxray,sy2,40,1,227,-897.0348801982395,-964.5747642948356,-929.0116296748351,-932.5523142814488
hardxray,sy2,40,2,227,-891.625839123576,-964.9722673136007,-897.2612693191272,-887.3043111675163
hardxray,sy2,40,3,227,-891.2139665136654,-1015.0888142297529,-923.6412899508523,-891.288903058972
hardxray,sy2,40,4,227,-888.4195034839637,-959.5976483721504,-895.2189182325806,-996.47317799271
hardxray,sy2,40,5,227,-901.2389564373111,-972.1865273978005,-914.6980680072996,-895.0833663290454
hardxray,sy2,40,6,227,-898.9945896084319,-979.8679697434237,-888.0349742062252,-931.8759920947039
hardxray,sy2,40,7,227,-882.5499770173669,-964.6340504400055,-874.398285473365,-366696803004845.5
hardxray,sy2,40,8,227,-914.6540068409087,-1051.0807359933726,-977.6054314403649,-934.3149193168244
hardxray,sy2,40,9,227,-912.1699633526255,-1020.4036118052566,-1020.4036118052566,-898.1145340551608
hardxray,sy2,40,10,227,-883.8343133752223,-960.5005480929703,-886.1563944295988,-884.8836045464052
hardxray,sy2,40,11,227,-887.6572571348032,-967.2507355082189,-892.2212828792485,-886.5294424077134
hardxray,sy2,40,12,227,-882.866720448969,-959.6783189542779,-880.5511826994372,-881.5955650877306
hardxray,sy2,40,13,227,-900.5639882277737,-1031.47897268601,-993.0089951812445,-901.2656130063395
hardxray,sy2,40,14,227,-1169.1044509939127,-1192.6800492556827,-1192.680049255682,-922.1010112104005
hardxray,sy2,40,15,227,-910.1245394690093,-1080.302416312844,-963.2689856004404,-1030094847296913.1
hardxray,sy2,40,16,227,-1009.7960512352458,-1260.3472504755916,-1260.3472504755916,-964.1631842495581
hardxray,sy2,40,17,227,-886.3305102756456,-1007.0584191530631,-1007.0584191530631,-891.9682475607628
hardxray,sy2,40,18,227,-884.4864243689319,-959.4332099689659,-882.9530954228105,-883.5094957640612
hardxray,sy2,40,19,227,-885.8354360957767,-959.8214383677373,-894.5171868172617,-84659823625655.66
hardxray,sy2,80,0,227,-886.2399037747791,-964.7069487563476,-880.1849135891697,-883.8845243013261
hardxray,sy2,80,1,227,-896.7314843334632,-984.2056583363496,-881.3590192081733,-894.7287592412425
hardxray,sy2,80,2,227,-894.3242622574296,-974.6461442050188,-957.22853667671,-893.9064820418498
hardxray,sy2,80,3,227,-897.409403528605,-1021.287491856983,-903.7481029398402,-898.8622157397389
hardxray,sy2,80,4,227,-883.135795335159,-961.6649873715708,-895.3274306973587,-886.3970336178012
hardxray,sy2,80,5,227,-882.2492328542957,-964.9869557021916,-879.0146833672432,-884.5138989210769
hardxray,sy2,80,6,227,-903.9757553209288,-1082.7694873429105,-936.4651324124286,-910.8877271941171
hardxray,sy2,80,7,227,-886.9117940270718,-963.6947235433364,-876.4975974465488,-886.1472989221572
hardxray,sy2,80,8,227,-889.7963354799804,-983.0217256876685,-878.2861427079208,-890.5289208770866
hardxray,sy2,80,9,227,-886.6090788990398,-988.7745738204812,-911.6493921114007,-886.1760338810986
hardxray,sy2,80,10,227,-887.2962857941975,-964.7886807959744,-878.9930797336631,-885.5795687173637
hardxray,sy2,80,11,227,-889.2650930505017,-966.621125578653,-886.5372597162145,-886.8008175242476
hardxray,sy2,80,12,227,-895.8910171438633,-986.4124536322504,-904.6902839321876,-895.0926841070731
hardxray,sy2,80,13,227,-883.0057754653164,-960.2322095638883,-875.3440394814925,-883.399073801005
hardxray,sy2,80,14,227,-887.2391092716282,-976.9046739167186,-896.8021413654471,-886.1644791198212
hardxray,sy2,80,15,227,-882.8122776167143,-965.6293930812208,-883.482545170295,-884.654538018355
hardxray,sy2,80,16,227,-919.5150249559928,-1111.319298609284,-942.3545407466743,-924.674822088695
hardxray,sy2,80,17,227,-913.4179509187754,-1021.8755248578384,-951.1065585608499,-913.6422531273909
hardxray,sy2,80,18,227,-886.8401583362288,-982.2313343061596,-896.2618130399726,-885.7905150932614
hardxray,sy2,80,19,227,-898.3162230038952,-962.5203824714879,-891.1362323809343,-905.794407448112
hardxray,sy2,0,0,227,-888.179650652798,-969.6400053292571,-877.3663098174036,-886.6991400673962
hardxray,beamed,10,0,77,-303.59494932290534,-344.6632620871116,-349.3049731132217,-116790625605333.23
hardxray,beamed,10,1,77,-302.103438104042,-336.8498969408244,-340.1956409970991,-5216179237690.3545
hardxray,beamed,10,2,77,-316.96753143538683,-358.35419226963523,-358.3541922696352,-313.31402222722204
hardxray,beamed,10,3,77,-697.801176881385,-697.8022059115601,-697.8022059115606,-361.2849409942446
hardxray,beamed,10,4,77,-347.5340554663299,-568.1960740384264,-568.1960740384267,-349.4665057222577
hardxray,beamed,10,5,77,-306.96792957856104,-377.13240821251014,-377.13240821251026,-662349512112.0361
hardxray,beamed,10,6,77,-313.9889037998606,-355.52663470072554,-355.52663470072554,-307.9298996773148
hardxray,beamed,10,7,77,-326.07191438212544,-365.60614234946877,-365.6061423494688,-228369625216630.75
hardxray,beamed,10,8,77,-430.06446520227075,-569.5131593634048,-569.5131593634043,-377.2855128802522
hardxray,beamed,10,9,77,-308.6373874316902,-370.8726063583451,-370.8726063583451,-106901329429543.56
hardxray,beamed,10,10,77,-306.1375480868245,-353.9642631301536,-353.9642631301537,-502721857021203.4
hardxray,beamed,10,11,77,-333.132562014812,-439.86718062766414,-439.8671806276637,-1687881579565811.0
hardxray,beamed,10,12,77,-342.27672526738513,-562.163431760899,-545.91652459077,-297423864776448.7
hardxray,beamed,10,13,77,-307.52822883599623,-358.1239438833791,-358.1239438833791,-1416441354808.6191
hardxray,beamed,10,14,77,-301.9193756818726,-340.73049945707174,-340.7304994570718,-301.53525256908193
hardxray,beamed,10,15,77,-471.4566772527803,-1045.2510323131733,-1045.251032313184,-260994102648276.94
hardxray,beamed,10,16,77,-314.5264222260814,-437.9395095864725,-437.93950958647287,-93051448275808.6
hardxray,beamed,10,17,77,-301.28743049131384,-346.6066242578058,-346.6066242578058,-4542054740635.6
hardxray,beamed,10,18,77,-371.4085518769185,-734.5334150646656,-734.5334150646653,-884801358984946.5
hardxray,beamed,10,19,77,-307.11270411398215,-355.04954839998834,-355.04954839998834,-21127190890966.586
hardxray,beamed,20,0,77,-306.0414522467923,-358.60998412861557,-358.6099841286155,-305.2833783153728
hardxray,beamed,20,1,77,-303.923251543629,-354.32065379516126,-329.59931004554505,-305.7608112482466
hardxray,beamed,20,2,77,-303.9409584545269,-361.48398871187686,-361.48398871187686,-895757497698010.2
hardxray,beamed,20,3,77,-374.6570509952113,-524.719132510667,-524.7191325106672,-332.85081823667764
hardxray,beamed,20,4,77,-306.4886352213519,-355.66284117032524,-336.6995733387995,-9608772904128.553
hardxray,beamed,20,5,77,-307.728872712898,-347.56595671659124,-700.5313621132052,-1.7148515370318408e+16
hardxray,beamed,20,6,77,-325.3904470189314,-426.3651092272404,-384.3061200046556,-2115808082153901.8
hardxray,beamed,20,7,77,-301.6185224426527,-349.31293602253686,-321.1997357572675,-299.6898630478362
hardxray,beamed,20,8,77,-304.2108455936834,-367.49203333149205,-367.4920333314921,-100623393342772.45
hardxray,beamed,20,9,77,-359.82387368656543,-527.9874648359531,-491.23411054311094,-329.33754343217555
hardxray,beamed,20,10,77,-354.40575711449253,-614.1988628282829,-614.1988628282844,-343.4474241917015
hardxray,beamed,20,11,77,-303.21540000652993,-367.6454845684427,-367.6454845684427,-304.93175244458024
hardxray,beamed,20,12,77,-306.74987873264513,-372.780066444029,-344.07097762004355,-307.49111546803385
hardxray,beamed,20,13,77,-304.17607078026333,-339.95751756278827,-400.05529976018425,-70413949621839.62
hardxray,beamed,20,14,77,-340.31008185441976,-580.8426755490849,-580.8426755490854,-2342433500887488.5
hardxray,beamed,20,15,77,-301.0884199213675,-340.83511084838744,-335.38754952522584,-6204677104344.739
hardxray,beamed,20,16,77,-324.6752079501234,-495.1848426319051,-495.18484263190516,-324.5969117600697
hardxray,beamed,20,17,77,-303.3045641758453,-356.02347974227365,-336.2310012626105,-88257872768.78651
hardxray,beamed,20,18,77,-310.08341803938737,-347.4174437448214,-341.3376711391156,-988256376479222.6
hardxray,beamed,20,19,77,-301.61562493105015,-347.9741291422769,-336.17213790623055,-13826200392979.762
hardxray,beamed,40,0,77,-304.96020218660175,-360.0299609231205,-321.33786729403647,-304.0551872027325
hardxray,beamed,40,1,77,-306.1097930276678,-365.3641648725873,-482.6378666387712,-305.91529858150034
hardxray,beamed,40,2,77,-302.5564042255546,-351.432176470782,-318.07472211886835,-673797826851.5995
hardxray,beamed,40,3,77,-305.2135719452264,-371.8657062377552,-331.1691477970196,-16995056791536.96
hardxray,beamed,40,4,77,-309.7616329754478,-388.72112909140714,-330.44073805572987,-308.16363527513494
hardxray,beamed,40,5,77,-307.62493426769026,-378.68143818659365,-478.16221508439935,-307.8398489259365
hardxray,beamed,40,6,77,-305.4853571229078,-361.9784909684881,-318.30837948415524,-83139235265030.78
hardxray,beamed,40,7,77,-303.5706698996494,-366.05917185044586,-323.8546423953853,-302.2550980096355
hardxray,beamed,40,8,77,-312.8397756385912,-391.22995194622956,-328.4862944749165,-317.733590557461
hardxray,beamed,40,9,77,-315.74988147116187,-415.43473772836063,-342.74338356959487,-315.4286773401076
hardxray,beamed,40,10,77,-313.01311889072235,-385.19618801592253,-332.11942662108703,-420.62480682278755
hardxray,beamed,40,11,77,-306.0210769100883,-379.5050290283921,-331.37290857576426,-304.696202969453
hardxray,beamed,40,12,77,-304.07588426987104,-356.61279699375075,-319.9556352933389,-304.32784347108947
hardxray,beamed,40,13,77,-305.1831604511804,-373.085735419459,-547.4249721338354,-303.3656178947913
hardxray,beamed,40,14,77,-314.0531430229013,-402.5014964880327,-334.9164083507674,-312.0180705872745
hardxray,beamed,40,15,77,-303.49893755891463,-356.8095930138984,-321.3867351775579,-302.89011969121555
hardxray,beamed,40,16,77,-301.82709021252595,-347.59615982675393,-318.83236216063204,-299.8124493898003
hardxray,beamed,40,17,77,-301.74291840362275,-349.3492845698934,-379.5133734073023,-26676027714077.51
hardxray,beamed,40,18,77,-306.21204548250296,-364.72797902550275,-323.3962965084073,-305.71083035774666
hardxray,beamed,40,19,77,-302.6388918685258,-354.7408865349452,-322.84233063107763,-301.6239668686691
hardxray,beamed,80,0,77,-304.3830444760615,-364.17561149175424,-322.0084517740464,-303.18390900295657
hardxray,beamed,80,1,77,-304.3830444760615,-364.1756114917542,-322.00845177404614,-303.18390900295725
hardxray,beamed,80,2,77,-304.3830444760615,-364.1756114917542,-322.0084517740462,-303.18390900295617
hardxray,beamed,80,3,77,-304.3830444760615,-364.175611491754,-322.00845177404614,-303.18390900295657
hardxray,beamed,80,4,77,-304.3830444760615,-364.175611491754,-322.008451774046,-303.18390900295645
hardxray,beamed,80,5,77,-304.3830444760615,-364.1756114917542,-322.00845177404625,-303.18390900295617
hardxray,beamed,80,6,77,-304.3830444760615,-364.175611491754,-322.00845177404625,-303.18390900295657
hardxray,beamed,80,7,77,-304.3830444760615,-364.1756114917542,-322.0084517740464,-303.18390900295725
hardxray,beamed,80,8,77,-304.3830444760615,-364.175611491754,-322.008451774046,-303.18390900295657
hardxray,beamed,80,9,77,-304.3830444760615,-364.1756114917542,-322.00845177404625,-303.18390900295725
hardxray,beamed,80,10,77,-304.3830444760615,-364.1756114917542,-322.008451774046,-303.18390900295617
hardxray,beamed,80,11,77,-304.3830444760615,-364.1756114917542,-322.00845177404625,-303.18390900295617
hardxray,beamed,80,12,77,-304.3830444760615,-364.175611491754,-322.00845177404636,-303.18390900295645
hardxray,beamed,80,13,77,-304.3830444760615,-364.175611491754,-322.0084517740462,-303.18390900295645
hardxray,beamed,80,14,77,-304.3830444760615,-364.175611491754,-322.00845177404614,-303.18390900295657
hardxray,beamed,80,15,77,-304.3830444760615,-364.1756114917542,-322.0084517740459,-303.18390900295725
hardxray,beamed,80,16,77,-304.3830444760615,-364.175611491754,-322.0084517740461,-303.18390900295657
hardxray,beamed,80,17,77,-304.3830444760615,-364.175611491754,-322.008451774046,-303.18390900295657
hardxray,beamed,80,18,77,-304.3830444760615,-364.175611491754,-322.00845177404614,-303.18390900295645
hardxray,beamed,80,19,77,-304.3830444760615,-364.1756114917539,-322.008451774046,-303.18390900295645
hardxray,beamed,0,0,77,-304.3830444760615,-364.1756114917539,-322.00845177404625,-303.18390900295594
hardxray,xrb,10,0,103,-611.0440150529307,-618.0318026452386,-658.9045887583733,-72185583565529.05
hardxray,xrb,10,1,103,-600.1992793284069,-618.2272524903767,-618.2272524903766,-603.4255696156125
hardxray,xrb,10,2,103,-599.907240222053,-617.7776926030971,-617.7776926030971,-119791691531091.27
hardxray,xrb,10,3,103,-647.8298665293984,-742.2854859292166,-742.2854859292166,-28442598543906.113
hardxray,xrb,10,4,103,-668.4278985518547,-711.4605109316168,-711.4605109316167,-646.2181567914831
hardxray,xrb,10,5,103,-602.9496794657132,-619.437521645389,-651.1009606414636,-1858416030488.6313
hardxray,xrb,10,6,103,-616.5719014694326,-669.0172188618407,-703.2227854958694,-1190696513847926.8
hardxray,xrb,10,7,103,-599.9750900061944,-617.4886225645477,-632.934349306508,-602.4387415920795
hardxray,xrb,10,8,103,-609.4657017265597,-642.9057303408393,-990.6850360196274,-13065277781168.033
hardxray,xrb,10,9,103,-611.0376197241692,-630.8063809173157,-661.7411396613822,-7528332174486624.0
hardxray,xrb,10,10,103,-603.5770766634407,-620.3350790455067,-1810.7382691373837,-607.8147505448322
hardxray,xrb,10,11,103,-654.9221871541554,-662.0834969854523,-1086.9099305639327,-6488648477143260.0
hardxray,xrb,10,12,103,-609.7887758035804,-625.3831719570935,-625.3831719570935,-280558672294114.16
hardxray,xrb,10,13,103,-615.5036348204743,-623.0649924922243,-770.7733986705139,-5774438024918818.0
hardxray,xrb,10,14,103,-604.3124947964741,-635.8602518640399,-635.86025186404,-2267671180556.8755
hardxray,xrb,10,15,103,-601.4264451644223,-621.8677177949935,-661.3146935183993,-2334554699392049.0
hardxray,xrb,10,16,103,-599.2186099073405,-619.9383768261619,-661.6133664741322,-335229514913784.94
hardxray,xrb,10,17,103,-622.7021119380402,-635.1461977744924,-635.1461977744924,-623.2054685940504
hardxray,xrb,10,18,103,-625.6159182347589,-621.1016857323633,-654.6678193340161,-662.095111704977
hardxray,xrb,10,19,103,-601.41608278387,-617.4845753318981,-637.4057324866831,-129547647643218.36
hardxray,xrb,20,0,103,-619.6791785071077,-671.4723109193302,-626.2699452417321,-619.1900531560351
hardxray,xrb,20,1,103,-605.2747830370905,-617.3750501400493,-620.0651982540504,-709802832425439.4
hardxray,xrb,20,2,103,-624.5131397395653,-619.2642480917979,-619.2642480917978,-3107552394855286.5
hardxray,xrb,20,3,103,-600.6803254202371,-624.9245797848887,-632.0390822473972,-69988836908163.695
hardxray,xrb,20,4,103,-610.5709981656889,-624.8325558916888,-620.7861140774855,-586927472726067.9
hardxray,xrb,20,5,103,-625.3959707629961,-631.5455035881523,-622.6066911516496,-981731592839867.4
hardxray,xrb,20,6,103,-600.0891519093445,-617.5560740424205,-611.5792543786326,-602.9270031314428
hardxray,xrb,20,7,103,-611.1535885616762,-619.1927474609004,-623.3883080332918,-489031348823923.94
hardxray,xrb,20,8,103,-600.0205562943636,-622.2519489163864,-619.1497360546138,-601.5398440044374
hardxray,xrb,20,9,103,-623.3233627013483,-667.6219113155282,-1468.45916937563,-642.1397580741348
hardxray,xrb,20,10,103,-642.5459043478623,-749.0717708783528,-749.0717708783528,-629.8475774613487
hardxray,xrb,20,11,103,-615.5708373567281,-632.0808184749817,-632.0808184749817,-616.6656266447911
hardxray,xrb,20,12,103,-598.3315965773434,-617.9166176525104,-599.4327094561266,-600.1057980508776
hardxray,xrb,20,13,103,-603.6847811334669,-619.5472729749854,-612.3979416747349,-25894233203992.742
hardxray,xrb,20,14,103,-611.5465509732054,-653.6385511944044,-620.0307997104929,-611.0708443325638
hardxray,xrb,20,15,103,-625.0579754028332,-626.7081078756013,-611.4495658884161,-712.3311668146359
hardxray,xrb,20,16,103,-625.8867880262733,-643.9611057104019,-651.247780192096,-6734736998890850.0
hardxray,xrb,20,17,103,-604.1380581905818,-618.6469009145761,-631.9376124937454,-181892649155676.4
hardxray,xrb,20,18,103,-599.4610789748365,-619.6018067662484,-643.8127736496267,-489576888769.6449
hardxray,xrb,20,19,103,-600.7143221380685,-618.3452446208914,-609.5488870109209,-601.9249464871017
hardxray,xrb,40,0,103,-611.6946036593398,-631.9406079900851,-606.8293780564144,-446776770631377.44
hardxray,xrb,40,1,103,-598.6980557010074,-619.0226013413691,-597.7692948815625,-600.2965151654226
hardxray,xrb,40,2,103,-599.0439734072417,-618.419696368421,-602.2872169815022,-1832176532084.4526
hardxray,xrb,40,3,103,-614.6566474730627,-637.2385949714138,-618.6120599890141,-612.4699943567342
hardxray,xrb,40,4,103,-600.0428009026373,-617.7190649420188,-598.9116597331456,-602.424396852623
hardxray,xrb,40,5,103,-601.8596737583529,-619.8770781502143,-603.9345827989642,-605.4601300860937
hardxray,xrb,40,6,103,-608.7556107552991,-632.0968115539923,-606.2441936288858,-620.8786860241527
hardxray,xrb,40,7,103,-604.4767507557676,-629.0824307274329,-610.1549557987639,-197109342316416.03
hardxray,xrb,40,8,103,-597.961331357547,-617.3582111474925,-596.776145884692,-602.9907493760307
hardxray,xrb,40,9,103,-598.7188151739198,-618.3626661365234,-601.0017094941562,-14619647307656.676
hardxray,xrb,40,10,103,-598.3037404739159,-617.4569601540001,-599.0373727799738,-600.2641191837854
hardxray,xrb,40,11,103,-598.973114159628,-617.5311470685984,-606.5350208416821,-601.9629865241033
hardxray,xrb,40,12,103,-603.7557738669498,-627.8544270717077,-602.9672516974479,-603.9895555659691
hardxray,xrb,40,13,103,-600.7804731732346,-620.8514630342704,-601.296445739696,-602.5606495251474
hardxray,xrb,40,14,103,-599.272517018762,-617.9804868355008,-597.7487138011653,-601.3722531378555
hardxray,xrb,40,15,103,-600.9732854485724,-619.171832817159,-616.5995530147749,-604.8400660835206
hardxray,xrb,40,16,103,-607.5715739614692,-624.1405478566554,-603.5278161597558,-1.4663093751659526e+16
hardxray,xrb,40,17,103,-598.181812508673,-617.3746033146022,-598.4812046298409,-600.2570157120831
hardxray,xrb,40,18,103,-600.1906299909183,-622.8808109838053,-603.4492197154899,-601.3446430955538
hardxray,xrb,40,19,103,-601.1308773061919,-624.4647525407107,-603.1757006283383,-602.5741455266044
hardxray,xrb,80,0,103,-599.2644611165512,-618.1794579813405,-597.5506877983136,-600.6820015911464
hardxray,xrb,80,1,103,-601.0340098327804,-619.184041053967,-600.5907655326355,-603.5119715472172
hardxray,xrb,80,2,103,-600.4447209797655,-620.4793234628344,-598.3945991068771,-601.4478234152339
hardxray,xrb,80,3,103,-598.361651571999,-617.6612183897497,-597.0604815978963,-600.5193666072014
hardxray,xrb,80,4,103,-600.5752920709642,-622.4878162307107,-599.3666178226763,-601.6641477250056
hardxray,xrb,80,5,103,-600.0129110442097,-620.9493901773616,-598.8177125505534,-601.3071416150909
hardxray,xrb,80,6,103,-598.5753804543816,-618.358191922298,-597.1051701414095,-600.2464988177269
hardxray,xrb,80,7,103,-601.3645248294252,-619.5289924150172,-599.6688349006195,-601.819305550605
hardxray,xrb,80,8,103,-598.7997864441365,-618.9757545014542,-598.9578569916512,-600.4541654129252
hardxray,xrb,80,9,103,-598.3846951802134,-617.7830023880354,-596.8604046671004,-600.0680912832416
hardxray,xrb,80,10,103,-601.6541680189661,-622.7971807293823,-596.5138488251703,-602.7241326859335
hardxray,xrb,80,11,103,-598.1108461723838,-617.6901336516845,-597.9586272010157,-599.8954685514592
hardxray,xrb,80,12,103,-598.7211942969143,-618.6984381155953,-597.2857301853343,-600.2656698767311
hardxray,xrb,80,13,103,-598.5212903957058,-618.4599894197645,-597.0503225735235,-600.633102846904
hardxray,xrb,80,14,103,-600.0336704104213,-621.814224657389,-598.9469638700649,-601.3687401336429
hardxray,xrb,80,15,103,-598.5685803612384,-618.9113627222762,-597.611017394054,-600.3122148066392
hardxray,xrb,80,16,103,-599.6959992039833,-620.7916621939477,-598.9140612542178,-601.3907736156672
hardxray,xrb,80,17,103,-598.7962224373899,-619.6775228470843,-603.4311057274845,-600.5462352739661
hardxray,xrb,80,18,103,-600.3335776304439,-620.3690818026816,-598.399435927257,-601.6700566062565
hardxray,xrb,80,19,103,-599.2471605902537,-620.7387724263494,-598.5268793135937,-600.7307711080239
hardxray,xrb,0,0,103,-599.3071166152803,-619.2691607460443,-597.5840409933405,-600.9005672527029
hardxray,cv,10,0,37,-157.14162351550627,-169.886539702294,-169.886539702294,-156.3334448234736
hardxray,cv,10,1,37,-151.1403418479034,-156.1569987116007,-156.15699871160066,-2712079036046.2163
hardxray,cv,10,2,37,-153.96035581023176,-159.14614423703784,-159.14614423703784,-123255764475.8204
hardxray,cv,10,3,37,-164.22415367667446,-186.03571163268055,-186.03571163268055,-57569786807223.09
hardxray,cv,10,4,37,-153.00598068436364,-161.1792241243305,-161.1792241243305,-407672355842.5885
hardxray,cv,10,5,37,-153.56369744354626,-157.070129940196,-169.00257707921688,-250031822712.51334
hardxray,cv,10,6,37,-151.36139936865086,-156.40083787657602,-156.40083787657602,-151.5368090659153
hardxray,cv,10,7,37,-155.2383771057282,-163.70316399513766,-163.7031639951377,-154.63085029393056
hardxray,cv,10,8,37,-172.59435730790753,-214.29772759972317,-214.2977275997232,-181108777180.17902
hardxray,cv,10,9,37,-303.2832804431431,-303.28326431404696,-303.28326431404616,-292.0516383296721
hardxray,cv,10,10,37,-152.41894922249884,-157.82891920502405,-174.70582013407062,-153.4545273966097
hardxray,cv,10,11,37,-154.53954377164553,-165.4404201042983,-165.44042010429837,-3034930858714.177
hardxray,cv,10,12,37,-152.41976348210977,-157.74383815724275,-157.74383815724275,-408603297161.2604
hardxray,cv,10,13,37,-156.03445448764597,-161.62116536133703,-161.62116536133703,-154.41330716124622
hardxray,cv,10,14,37,-154.91039825380093,-160.0210827632999,-160.02108276329994,-161617589115.5879
hardxray,cv,10,15,37,-157.7233070907254,-166.93783975363883,-163.30578437163493,-1045113265172943.0
hardxray,cv,10,16,37,-154.2128176442523,-156.81519052098437,-156.81519052098437,-121128504355247.17
hardxray,cv,10,17,37,-153.53680381087798,-159.29031314317655,-159.29031314317655,-182752861067.7333
hardxray,cv,10,18,37,-153.43496490800416,-162.42603493268356,-162.4260349326836,-50653087877.48006
hardxray,cv,10,19,37,-153.87607701495511,-157.10799234145077,-157.10799234145074,-155.35243425195276
hardxray,cv,20,0,37,-151.9090165842225,-156.97791163671008,-156.97791163671005,-76781039602.83992
hardxray,cv,20,1,37,-153.03195123611044,-161.26260542176317,-161.26260542176325,-152.74702729061994
hardxray,cv,20,2,37,-154.99294142019787,-166.4785900832458,-166.47859008324576,-9155046813850.926
hardxray,cv,20,3,37,-152.6628634226003,-158.45598986225517,-158.4559898622551,-224791134941.6591
hardxray,cv,20,4,37,-152.21995355868404,-157.72783183865695,-162.7803474738114,-11089900906.818783
hardxray,cv,20,5,37,-156.9076771109058,-169.9422753391081,-169.9422753391081,-155.2154781918304
hardxray,cv,20,6,37,-156.01833375088043,-163.39758289211073,-164.468238471666,-114774736026.89168
hardxray,cv,20,7,37,-154.77848981329575,-164.8312676092814,-164.8312676092814,-21438853546.24926
hardxray,cv,20,8,37,-153.1663157290682,-161.8523085151412,-161.8523085151412,-153.62082365494823
hardxray,cv,20,9,37,-151.49419185798544,-156.77212829708108,-156.77212829708105,-4505162518.539123
hardxray,cv,20,10,37,-151.89531603558535,-157.723325251427,-157.723325251427,-18618939855.357548
hardxray,cv,20,11,37,-152.47726669186946,-158.65466400051085,-158.6546640005109,-410565708825.23346
hardxray,cv,20,12,37,-152.19121866736248,-156.84667371986995,-156.84667371986995,-18822534822.36169
hardxray,cv,20,13,37,-151.82660960930312,-157.5298546822043,-157.52985468220433,-150.62918111359917
hardxray,cv,20,14,37,-169.04919878089962,-206.44576564797288,-206.44576564797296,-168.59101670228821
hardxray,cv,20,15,37,-151.91858076534714,-156.43275029854166,-156.43275029854163,-152.44831265705668
hardxray,cv,20,16,37,-152.0551993828725,-156.60513978334524,-156.6051397833452,-2236214288.770152
hardxray,cv,20,17,37,-152.78606524673788,-160.5275704922379,-206.07610002706394,-2260680635.2065787
hardxray,cv,20,18,37,-153.15242438630182,-160.81139396448725,-160.81139396448725,-190602916613.42456
hardxray,cv,20,19,37,-154.34969975695068,-162.2912307079955,-162.29123070799545,-2407674305561.36
hardxray,cv,40,0,37,-151.94392222170222,-158.4674961948868,-158.46749619488682,-492705021480.1533
hardxray,cv,40,1,37,-151.94392222170197,-158.46749619488676,-158.46749619488676,-492705021480.03973
hardxray,cv,40,2,37,-151.94392222170222,-158.46749619488682,-158.4674961948868,-492705021480.1533
hardxray,cv,40,3,37,-151.94392222170222,-158.46749619488682,-158.4674961948868,-492704925375.1264
hardxray,cv,40,4,37,-151.94392222170197,-158.46749619488676,-158.46749619488676,-492704808023.8242
hardxray,cv,40,5,37,-151.94392222170222,-158.4674961948868,-158.4674961948868,-492705021480.17084
hardxray,cv,40,6,37,-151.94392222170222,-158.4674961948868,-158.46749619488682,-492705021480.1533
hardxray,cv,40,7,37,-151.94392222170197,-158.4674961948868,-158.4674961948868,-492704925375.1264
hardxray,cv,40,8,37,-151.94392222170222,-158.4674961948868,-158.46749619488682,-492704925375.0543
hardxray,cv,40,9,37,-151.94392222170222,-158.46749619488676,-158.46749619488676,-492704808023.8215
hardxray,cv,40,10,37,-151.94392222170222,-158.4674961948868,-158.4674961948868,-492704925375.0543
hardxray,cv,40,11,37,-151.94392222170222,-158.4674961948868,-158.4674961948868,-492704925375.1264
hardxray,cv,40,12,37,-151.94392222170222,-158.4674961948868,-158.46749619488682,-492705021480.05725
hardxray,cv,40,13,37,-151.94392222170222,-158.4674961948868,-158.4674961948868,-492704925375.1264
hardxray,cv,40,14,37,-151.94392222170222,-158.4674961948868,-158.46749619488682,-492704925375.1264
hardxray,cv,40,15,37,-151.94392222170222,-158.4674961948868,-158.46749619488682,-492704809119.07916
hardxray,cv,40,16,37,-151.94392222170222,-158.4674961948868,-158.4674961948868,-492704809119.07916
hardxray,cv,40,17,37,-151.94392222170222,-158.4674961948868,-158.4674961948868,-492704925375.1264
hardxray,cv,40,18,37,-151.94392222170222,-158.46749619488676,-158.46749619488676,-492705021480.05725
hardxray,cv,40,19,37,-151.94392222170197,-158.46749619488676,-158.46749619488676,-492704912740.64343
hardxray,cv,80,0,37,-151.94392222170222,-158.46749619488676,-158.46749619488676,-492704205140.3193
hardxray,cv,80,1,37,-151.94392222170222,-158.4674961948868,-158.4674961948868,-492704809119.07916
hardxray,cv,80,2,37,-151.94392222170197,-158.46749619488676,-158.46749619488676,-492704808023.8215
hardxray,cv,80,3,37,-151.94392222170222,-158.4674961948868,-158.46749619488682,-492704809119.07916
hardxray,cv,80,4,37,-151.94392222170222,-158.4674961948868,-158.46749619488682,-492704808023.8215
hardxray,cv,80,5,37,-151.94392222170222,-158.4674961948868,-158.4674961948868,-492704925375.0543
hardxray,cv,80,6,37,-151.94392222170222,-158.46749619488676,-158.46749619488676,-492705021480.03973
hardxray,cv,80,7,37,-151.94392222170222,-158.46749619488676,-158.46749619488676,-492705021480.05725
hardxray,cv,80,8,37,-151.94392222170222,-158.46749619488676,-158.46749619488676,-492705021480.03973
hardxray,cv,80,9,37,-151.94392222170177,-158.46749619488676,-158.46749619488676,-492705021480.05725
hardxray,cv,80,10,37,-151.94392222170222,-158.46749619488676,-158.4674961948868,-492705153515.2055
hardxray,cv,80,11,37,-151.94392222170197,-158.46749619488676,-158.46749619488676,-492705021480.05725
hardxray,cv,80,12,37,-151.94392222170222,-158.4674961948868,-158.46749619488682,-492704925375.0543
hardxray,cv,80,13,37,-151.94392222170222,-158.46749619488676,-158.46749619488676,-492705021480.05725
hardxray,cv,80,14,37,-151.94392222170222,-158.46749619488676,-158.46749619488676,-492704808023.8242
hardxray,cv,80,15,37,-151.94392222170222,-158.46749619488682,-158.4674961948868,-492704809119.07916
hardxray,cv,80,16,37,-151.94392222170222,-158.4674961948868,-158.4674961948868,-492704925375.0543
hardxray,cv,80,17,37,-151.94392222170222,-158.4674961948868,-158.4674961948868,-492704809119.07916
hardxray,cv,80,18,37,-151.94392222170197,-158.46749619488676,-158.46749619488676,-492704808023.8242
hardxray,cv,80,19,37,-151.94392222170222,-158.46749619488676,-158.46749619488676,-492705021480.03973
hardxray,cv,0,0,37,-151.94392222170222,-158.46749619488676,-158.46749619488676,-492705021480.03973
hardxray,other,10,0,170,-571.0877973008268,-671.4532906963055,-671.4532906963055,-1553331322865786.0
hardxray,other,10,1,170,-569.3421085925795,-634.5145641109667,-634.5145641109667,-2445344007154809.0
hardxray,other,10,2,170,-553.1630406885974,-648.4305342556165,-821.2888892005917,-18312965179413.137
hardxray,other,10,3,170,-643.2674832324485,-716.777363703083,-716.7773637030825,-602.5391356582052
hardxray,other,10,4,170,-560.3761848751817,-628.30644922541,-610.9674026337952,-49214006345864.42
hardxray,other,10,5,170,-564.0140194479759,-638.5207446606548,-633.2167318351746,-85264810919925.45
hardxray,other,10,6,170,-591.1102050664091,-721.4857733643547,-721.485773364355,-119263264543571.39
hardxray,other,10,7,170,-555.9381903597457,-623.7801857736133,-695.0760680576526,-42430678567077.84
hardxray,other,10,8,170,-553.5263938958744,-626.4667258020054,-626.4667258020054,-154634126903847.06
hardxray,other,10,9,170,-594.6446614625642,-847.8109211208644,-847.8109211208648,-127206025716909.67
hardxray,other,10,10,170,-555.7678353933163,-643.3256150024729,-643.3256150024729,-1240607020093630.5
hardxray,other,10,11,170,-954.754917676001,-1079.3274711100885,-1079.3274711100844,-2769766030413277.0
hardxray,other,10,12,170,-560.3760713392865,-664.4363322455724,-613.8418884033982,-3.854411755751579e+16
hardxray,other,10,13,170,-585.5093683692189,-696.3607384716007,-583.5944676987544,-47372595792387.52
hardxray,other,10,14,170,-568.8692638246406,-685.2887661671032,-685.2887661671032,-126206156646447.62
hardxray,other,10,15,170,-577.5495790418681,-750.3066566521729,-750.3066566521732,-578.7975590215277
hardxray,other,10,16,170,-713.6810081258263,-1065.4933510492574,-1065.4933510492647,-797.5344569532463
hardxray,other,10,17,170,-1202.7942000609416,-1202.7926206201837,-1202.7926206201832,-2.878172142392678e+16
hardxray,other,10,18,170,-565.2474096044889,-666.2388142797895,-666.2388142797893,-6592415582007648.0
hardxray,other,10,19,170,-570.8380394003523,-677.3561365986022,-564.9731279467034,-1071298832074722.2
hardxray,other,20,0,170,-584.8240488121223,-702.0457826907699,-557.7877360850478,-118149636793753.88
hardxray,other,20,1,170,-777.2772117229596,-1580.4995827397347,-1580.4995827397227,-841437420109487.2
hardxray,other,20,2,170,-591.0356818351484,-708.5384161150453,-633.2306218951403,-7773361532411.761
hardxray,other,20,3,170,-552.2706370569554,-617.1588655203891,-558.4859898869474,-4815204899275060.0
hardxray,other,20,4,170,-551.4031745823669,-617.0089155095249,-564.8987576208191,-84141753119463.56
hardxray,other,20,5,170,-597.5130644946628,-682.9300543717791,-587.452560204199,-492585038464715.7
hardxray,other,20,6,170,-574.3420406368632,-660.6139565867466,-660.6139565867463,-6062148358038074.0
hardxray,other,20,7,170,-559.2574381409006,-665.1974955322519,-665.1974955322519,-555.1275133203044
hardxray,other,20,8,170,-556.4710633056654,-638.2394363357403,-572.7208755638973,-154235244206330.2
hardxray,other,20,9,170,-565.6099059560638,-691.2282343616762,-691.228234361676,-567.6144848747324
hardxray,other,20,10,170,-551.3083927787446,-618.0679851817679,-537.6157655085494,-3382355376452729.0
hardxray,other,20,11,170,-554.9949963226429,-618.2731844640114,-571.9566175721354,-2035257749429626.0
hardxray,other,20,12,170,-723.0354244750448,-723.0347193190931,-723.0347193190933,-575.3023077056616
hardxray,other,20,13,170,-602.8471219110315,-860.5247784816471,-860.5247784816448,-615.8499553551883
hardxray,other,20,14,170,-558.4470226235379,-672.6965835117874,-672.6965835117871,-560.5554288953773
hardxray,other,20,15,170,-580.3138879971061,-666.0896930501278,-561.1486565476273,-14285289123474.938
hardxray,other,20,16,170,-558.5121192996655,-667.1908125524403,-538.084893612116,-4734153702565.891
hardxray,other,20,17,170,-560.8275289384533,-658.5922769846926,-536.8930991182191,-857041842530086.1
hardxray,other,20,18,170,-553.2022511878399,-618.3219246454925,-593.0432080159665,-823972883141483.1
hardxray,other,20,19,170,-554.3836746311745,-647.9465489457402,-647.9465489457402,-553.2013825673891
hardxray,other,40,0,170,-575.8019808517045,-675.5443835319857,-544.4032160263343,-366227238891572.06
hardxray,other,40,1,170,-556.5107432671475,-628.2971737863718,-535.3718712186732,-513775653336582.25
hardxray,other,40,2,170,-553.8686448025414,-638.606699517658,-536.6113847863421,-551.5194070366879
hardxray,other,40,3,170,-552.7544674517839,-627.2826850894689,-538.3864084005062,-575.4060425452096
hardxray,other,40,4,170,-556.8093387007492,-665.3970554473354,-549.0318189178879,-216200774431934.62
hardxray,other,40,5,170,-553.3824279463668,-619.4633227577408,-532.1893337459768,-5706804902807694.0
hardxray,other,40,6,170,-555.7641341608238,-636.073703102276,-533.7491639512092,-552.1949770320679
hardxray,other,40,7,170,-558.5262605804076,-636.3173724535916,-540.5813684920352,-409332445219304.75
hardxray,other,40,8,170,-552.769798242127,-619.2488390783961,-535.6670289566162,-551.3723805877885
hardxray,other,40,9,170,-561.3744792318662,-666.7387938384053,-545.0638704107652,-565.4002403020766
hardxray,other,40,10,170,-553.4499011723177,-625.1376428952063,-533.3978761956362,-552.3520350083663
hardxray,other,40,11,170,-552.9813627564056,-621.9618116881876,-534.7175233867347,-569.3489296911866
hardxray,other,40,12,170,-558.1768345215714,-625.8115425554406,-539.5550060034994,-563.2749671156504
hardxray,other,40,13,170,-552.8008352126565,-620.1692994074092,-533.646807181183,-564.4161152972965
hardxray,other,40,14,170,-557.2801853643757,-648.4493499486134,-535.2979256222416,-564.4241951707336
hardxray,other,40,15,170,-552.3230391399713,-618.5147602617922,-533.4177265425996,-557.845390709011
hardxray,other,40,16,170,-551.165347512274,-621.6705186451286,-551.1049338144339,-549.0233267851124
hardxray,other,40,17,170,-551.478239071787,-626.1446026166875,-533.0280955697408,-558.0745053768158
hardxray,other,40,18,170,-553.969273357399,-621.3448781937254,-541.23824519899,-1.5439760954339934e+16
hardxray,other,40,19,170,-556.2086634209844,-619.6968317047724,-578.67003285227,-551.7834213059859
hardxray,other,80,0,170,-554.3855662799301,-641.4733776912824,-533.4210431218239,-551.7731484557636
hardxray,other,80,1,170,-558.5787493230093,-652.1592745038611,-535.1835317510622,-555.954601183205
hardxray,other,80,2,170,-551.1041402682198,-624.9596904820169,-532.9017106993904,-548.2027829121514
hardxray,other,80,3,170,-554.3046014327128,-634.0659944963058,-533.4135233690481,-553.5275549689776
hardxray,other,80,4,170,-553.1938486860668,-621.6844374067305,-532.4062004709313,-553.5157033570385
hardxray,other,80,5,170,-552.0752107789259,-630.2874820127668,-532.0132589875352,-551.371246350914
hardxray,other,80,6,170,-555.5056433448365,-647.0891906947188,-534.9558266628935,-554.2919135009871
hardxray,other,80,7,170,-553.5111183737583,-625.9415934242616,-530.7998199943002,-550.4500341389808
hardxray,other,80,8,170,-559.1972247307353,-647.5339631204104,-533.5095418942602,-555.9191259293665
hardxray,other,80,9,170,-551.8020031168084,-622.3932268771194,-530.3658332117102,-548.788959234995
hardxray,other,80,10,170,-553.0327430928703,-630.105887595553,-532.4221496276203,-553.0644947924663
hardxray,other,80,11,170,-554.8110261415486,-629.2097071496889,-534.422824692541,-553.8469418225795
hardxray,other,80,12,170,-551.3194750735192,-622.6913062235935,-530.9283276847306,-550.3884244992419
hardxray,other,80,13,170,-554.2121692094383,-625.4136687576827,-534.770511274169,-553.1002288984175
hardxray,other,80,14,170,-550.9825510801879,-620.5147952703735,-531.252019290747,-573.8299789843445
hardxray,other,80,15,170,-552.9605511393083,-634.275796495044,-533.8251071199987,-589.8380470838197
hardxray,other,80,16,170,-551.6054556594397,-622.5505761486434,-532.760956510341,-554.278488928069
hardxray,other,80,17,170,-551.576212150789,-628.8154628341897,-532.001167511824,-552.9104240005917
hardxray,other,80,18,170,-555.2045969873517,-646.9714396774709,-535.5052445353341,-555.5874376340298
hardxray,other,80,19,170,-552.8522403614429,-626.4892871796619,-534.1496201231632,-550.3912136914728
hardxray,other,0,0,170,-552.0827960410533,-628.3937989228679,-531.6515186854683,-550.7571279928404
