setting,agent,episodes,nlpd,sem_nlpd,t_nlpd,regret_top1,sem_regret_top1,t_regret_top1,regret_top2,sem_regret_top2,t_regret_top2,regret_top3,sem_regret_top3,t_regret_top3,regret_top4,sem_regret_top4,t_regret_top4,regret_top5,sem_regret_top5,t_regret_top5,rate_dex,sem_rate_dex,t_rate_dex,ms_per_round,ms_act,ms_observe,rounds
gamma,eig,50,5.41217922430837,0.01116930675387957,-0.0,0.010872125104798349,0.0044690736901893315,-0.0,0.011168322267882225,0.003637023562501481,-0.0,0.00757533127367628,0.00253905650563133,-0.0,0.0074791907888771166,0.002217624522157222,-0.0,0.0084569575505627,0.001400222283177967,-0.0,0.2166720592335042,0.0016378337110532228,-0.0,136.48316330822126,136.47841835827182,0.004744949949478421,240.0
gamma,eig@gamma-poisson,50,5.567261982514732,0.011371612392981123,-20.0216723044694,0.015678055832301623,0.005827599293260195,-1.196966121509364,0.014015519615108047,0.004301043073562091,-0.6595150879670357,0.01750976084192356,0.004841318698548395,-2.64058449558984,0.0180408791356539,0.0039480847612459,-2.483377377205557,0.018003175082126992,0.003737573047761665,-2.6731898753026266,0.22898357349596274,0.0018131568392228698,-11.839352975875352,3.8812592255659792,3.8774004667308564,0.003858758835121989,240.0
gamma,eig@logskewnormal-poisson,50,5.4030979097612715,0.011485046343892866,2.6639129132874917,0.013462209299711758,0.0050528981271227204,-1.0,0.010424976861925617,0.0036043970861993247,1.0,0.0067847327613195715,0.00241558151425175,0.5602216402430241,0.008126551054317666,0.0022670051088945027,-1.0,0.010839848716951827,0.0019984212055064285,-1.7547315098403826,0.2114873033321595,0.0015815277280692424,15.144685760309205,1013.3184848252132,997.1147050586392,16.203779766573764,240.0
gamma,bo-ei@gp-poisson,50,5.7602557782181645,0.014231067016321857,-29.95353288047195,0.0013582215780417052,0.001036474912820074,2.2232288433443004,0.010761834497803612,0.0036754192777265333,0.09429645876373374,0.016528548977506156,0.005107775650375616,-1.9318758281265656,0.027519743554816928,0.00464771140512549,-3.766558538555154,0.028986322813260593,0.004533653518261051,-4.451896179138992,0.3288317062743221,0.003802811518122022,-31.548247108667415,62.604299166981946,46.47597959161794,16.128319575364003,240.0
gamma,bo-ei@gp-poisson-cat,50,5.766971490168638,0.01641662193349481,-26.478353368283738,0.0003428870566679754,0.0002399709509260914,2.418809201358595,0.010761834497803612,0.0036754192777265333,0.09429645876373374,0.01560257983613599,0.005120597141794344,-1.8018677508764214,0.027180787806785015,0.004775191628987738,-3.6559143782008565,0.028355154748043752,0.004478672890603018,-4.420808021173565,0.32808245259160773,0.004132062186801537,-28.230958683142205,52.791087366465945,45.956845474812624,6.834241891653315,240.0
gamma,systematic,50,5.433098880252957,0.009859269432359768,-4.432564082563005,0.009573866925922395,0.0033003919831367345,0.3729800621302967,0.01902486347053427,0.005505817410906823,-1.5244661524563212,0.016149315907725826,0.0036141105900180225,-3.0037361290364246,0.017231789965415654,0.00343797838171521,-3.221453879874759,0.017484167773713054,0.0029685091217775054,-3.466511522805635,0.21040315153340636,0.0014856202328986502,8.024513956277163,0.002239966687435905,0.0006906748991847658,0.0015492917882511392,240.0
gamma,random,50,6.162431692282809,0.01479986906799568,-67.22576035649885,0.430984073695911,0.041985437918011057,-9.805079378473017,0.502625695371399,0.03197178811248077,-15.364213755403163,0.5258586365064825,0.02586474821517407,-20.052256625265663,0.5652546473777983,0.02372279459445063,-23.69777025520998,0.581166728145946,0.020887823915545112,-27.672494223824927,0.4782448800100528,0.0033644413356450444,-77.47044121739735,0.017335300672800466,0.01461201184771322,0.0027232888250872432,21.64
gamma,d-optimality,50,5.41239595960866,0.011047822102817158,-0.17212205799879501,0.010872125104798349,0.0044690736901893315,-0.0,0.011168322267882225,0.003637023562501481,-0.0,0.00757533127367628,0.00253905650563133,-0.0,0.0074791907888771166,0.002217624522157222,-0.0,0.009042387088844347,0.0014850272786896834,-1.0000000000000002,0.21648327597430508,0.0016555927627916892,1.0461837087129238,2.3959825165414563,2.3922110248725708,0.0037714916688855737,240.0
gamma,thompson,50,6.0661170721310285,0.01766710448633079,-47.59006380976925,0.051596816374514604,0.015548086912267858,-2.4513597939157132,0.1195354274832046,0.016606882187214175,-6.341785504004045,0.16529956871608864,0.015227906360164817,-10.573225988559983,0.19085332011096512,0.014075182086740195,-12.527597977622856,0.2091586340703618,0.015588643119334228,-12.718021321237647,0.453248646839471,0.0036516227680927164,-65.86190168636159,103.2541530897354,103.24866313566665,0.005489954068748788,44.0
gamma,lucb,50,5.783895758807065,0.017351791122286468,-28.180051551849974,0.01979303080243145,0.008594562585852858,-0.9997363198539075,0.020993293724294263,0.0074626569514113705,-1.1249220728288234,0.023531792875472846,0.0066366872257236234,-2.287817657327286,0.023875639550490674,0.006031522893245907,-2.5641222866806617,0.02721656341259041,0.006217681064037065,-2.964180726150148,0.3577536584154992,0.0040968061473494995,-33.208909331731704,40.209969516683486,40.204929891949476,0.00503962473400558,240.0
gamma,lucb@gamma-poisson,50,6.108432232370146,0.02842631507105262,-26.558887439665504,0.035901247506641455,0.013751861168040442,-1.7609561300631997,0.03515209754160354,0.01077660453503052,-2.1754244673987486,0.03707672212567035,0.009384492996656084,-3.259046355037014,0.038094792755301726,0.008280056622552464,-3.875931939394272,0.0420899839515,0.007969571085811752,-4.187372776780568,0.3910519753004252,0.004577016111885178,-37.66583177584212,14.616634391451953,14.612155999808845,0.004478391643109111,240.0
gamma,eig@gammamix-poisson,50,5.516704964123769,0.01251040768083846,-13.408890436559318,0.015678055832301623,0.005827599293260195,-1.196966121509364,0.014015519615108047,0.004301043073562091,-0.6595150879670357,0.017276796802385704,0.004852666792829648,-2.575209954483972,0.018525985659625935,0.003932618391185265,-2.630669865810436,0.018377042913386966,0.003735542395867665,-2.7673323913409726,0.2149104881214769,0.001480586018332756,2.3057945789398486,7.5115392502872655,7.174280650064853,0.3372586002224125,240.0
gamma,eig@logskewnormal-quad,50,5.4023065074759895,0.011384245106462154,3.381758963844462,0.013462209299711758,0.0050528981271227204,-1.0,0.011168322267882225,0.003637023562501481,-0.0,0.006484958969864911,0.0023551028055891965,1.0,0.0074791907888771166,0.002217624522157222,-0.0,0.009539416513872271,0.0014925696175160821,-1.3522426401897247,0.2124255184815082,0.0016742045153864999,13.656223318709538,857.7867614753582,857.7756489918149,0.011112483543305036,240.0
gamma,eig@logskewnormal-poisson-m8k,50,5.403376113188035,0.011052062648524114,2.441394242234862,0.013462209299711758,0.0050528981271227204,-1.0,0.012328466350926921,0.004384781012084525,-0.8796815879846198,0.007613782641906221,0.002973180082087136,-0.013481331763990962,0.008677622913881172,0.0022789094396928485,-1.5333758676205043,0.010725377559614677,0.0016107457404561719,-1.835445764329057,0.2117833999130507,0.0016332595014001178,13.355831129898343,8414.563702632988,8351.6554053745,62.908297258487444,240.0
gamma,dad,50,5.41239595960866,0.011047822102817158,-0.17212205799879501,0.010872125104798349,0.0044690736901893315,-0.0,0.011168322267882225,0.003637023562501481,-0.0,0.00757533127367628,0.00253905650563133,-0.0,0.0074791907888771166,0.002217624522157222,-0.0,0.009042387088844347,0.0014850272786896834,-1.0000000000000002,0.21648327597430508,0.0016555927627916892,1.0461837087129238,0.34729537533712573,0.16269736689961667,0.184598008437509,240.0
