"# Intel(R) Core(TM) i9-9900K CPU @ 3.60GHz; 16 logical cores; Windows-11-10.0.26200-SP0; Python 3.14.4, NumPy 2.4.4, SciPy 1.17.1"
setting,model,class,state,action,exposure,eig,ms,support
bulk,gig,f1,prior,1.0,0.7789875198601173,0.144368838138619,3.300200041849166,73
bulk,d-optimality,f1,prior,1.0,0.7789875198601173,nan,0.12209999840706587,nan
bulk,gig,f1,prior,2.5,1.9474687996502933,0.2755349524120886,1.714100013487041,83
bulk,d-optimality,f1,prior,2.5,1.9474687996502933,nan,0.1294999965466559,nan
bulk,gig,f1,prior,5.0,3.8949375993005866,0.41863831335635027,2.2438999731093645,195
bulk,d-optimality,f1,prior,5.0,3.8949375993005866,nan,0.11710001854225993,nan
bulk,gig,f1,prior,10.0,7.789875198601173,0.6013866283927061,3.9189999806694686,509
bulk,d-optimality,f1,prior,10.0,7.789875198601173,nan,0.12090004747733474,nan
bulk,gig,f1,prior,20.0,15.579750397202346,0.8222527243366786,2.9179000412113965,749
bulk,d-optimality,f1,prior,20.0,15.579750397202346,nan,0.11869997251778841,nan
bulk,gig,f1,prior,40.0,31.159500794404693,1.0772741511722304,2.7222000062465668,1225
bulk,d-optimality,f1,prior,40.0,31.159500794404693,nan,0.1194999786093831,nan
bulk,gig,f1,posterior,1.0,0.7789875198601173,0.0746456915053787,1.102800015360117,70
bulk,d-optimality,f1,posterior,1.0,0.7789875198601173,nan,0.11799996718764305,nan
bulk,gig,f1,posterior,2.5,1.9474687996502933,0.16051995288228327,1.2469000066630542,75
bulk,d-optimality,f1,posterior,2.5,1.9474687996502933,nan,0.11840002844110131,nan
bulk,gig,f1,posterior,5.0,3.8949375993005866,0.26755997873592885,1.3985999976284802,83
bulk,d-optimality,f1,posterior,5.0,3.8949375993005866,nan,0.11979998089373112,nan
bulk,gig,f1,posterior,10.0,7.789875198601173,0.41771461470065385,2.330699993763119,193
bulk,d-optimality,f1,posterior,10.0,7.789875198601173,nan,0.11729996185749769,nan
bulk,gig,f1,posterior,20.0,15.579750397202346,0.6120591200984686,2.406699990388006,249
bulk,d-optimality,f1,posterior,20.0,15.579750397202346,nan,0.11670001549646258,nan
bulk,gig,f1,posterior,40.0,31.159500794404693,0.8472524103018553,2.8037999873049557,721
bulk,d-optimality,f1,posterior,40.0,31.159500794404693,nan,0.11820002691820264,nan
bulk,gig,f2,prior,1.0,0.606270047333929,0.21326943027219225,3.4605999826453626,697
bulk,d-optimality,f2,prior,1.0,0.606270047333929,nan,0.1170000177808106,nan
bulk,gig,f2,prior,2.5,1.5156751183348225,0.3578477663798221,4.235600004903972,1937
bulk,d-optimality,f2,prior,2.5,1.5156751183348225,nan,0.11660001473501325,nan
bulk,gig,f2,prior,5.0,3.031350236669645,0.5068996972596094,4.053400014527142,2833
bulk,d-optimality,f2,prior,5.0,3.031350236669645,nan,0.1170000177808106,nan
bulk,gig,f2,prior,10.0,6.06270047333929,0.6928585862918182,6.350299983751029,9281
bulk,d-optimality,f2,prior,10.0,6.06270047333929,nan,0.12340000830590725,nan
bulk,gig,f2,prior,20.0,12.12540094667858,0.9154173156050758,9.086400037631392,16481
bulk,d-optimality,f2,prior,20.0,12.12540094667858,nan,0.12690003495663404,nan
bulk,gig,f2,prior,40.0,24.25080189335716,1.171566742777101,15.174900006968528,30849
bulk,d-optimality,f2,prior,40.0,24.25080189335716,nan,0.1259999698959291,nan
bulk,gig,f2,posterior,1.0,0.606270047333929,0.07513541311100375,1.1960999690927565,71
bulk,d-optimality,f2,posterior,1.0,0.606270047333929,nan,0.11819996871054173,nan
bulk,gig,f2,posterior,2.5,1.5156751183348225,0.16038100364739905,1.3273999793455005,76
bulk,d-optimality,f2,posterior,2.5,1.5156751183348225,nan,0.1142999972216785,nan
bulk,gig,f2,posterior,5.0,3.031350236669645,0.26602325995310827,1.5930000226944685,84
bulk,d-optimality,f2,posterior,5.0,3.031350236669645,nan,0.11529994662851095,nan
bulk,gig,f2,posterior,10.0,6.06270047333929,0.4141274104851649,2.5038000312633812,197
bulk,d-optimality,f2,posterior,10.0,6.06270047333929,nan,0.1162000116892159,nan
bulk,gig,f2,posterior,20.0,12.12540094667858,0.6063779780648433,3.9360999944619834,513
bulk,d-optimality,f2,posterior,20.0,12.12540094667858,nan,0.11570000788196921,nan
bulk,gig,f2,posterior,40.0,24.25080189335716,0.8400447438815375,2.8627999708987772,757
bulk,d-optimality,f2,posterior,40.0,24.25080189335716,nan,0.12379995314404368,nan
bulk,gig,f3,prior,1.0,0.8840364772007874,0.3139211477824102,20.930099999532104,39425
bulk,d-optimality,f3,prior,1.0,0.8840364772007874,nan,0.12849998893216252,nan
bulk,gig,f3,prior,2.5,2.2100911930019684,0.514741263468091,39.21630000695586,73729
bulk,d-optimality,f3,prior,2.5,2.2100911930019684,nan,0.14189997455105186,nan
bulk,gig,f3,prior,5.0,4.420182386003937,0.7133828918765208,89.75839999038726,130817
bulk,d-optimality,f3,prior,5.0,4.420182386003937,nan,0.1501999795436859,nan
bulk,gig,f3,prior,10.0,8.840364772007874,0.9506315248619326,169.8816999560222,245249
bulk,d-optimality,f3,prior,10.0,8.840364772007874,nan,0.18670002464205027,nan
bulk,gig,f3,prior,20.0,17.680729544015747,1.221515878440401,330.5490000057034,474113
bulk,d-optimality,f3,prior,20.0,17.680729544015747,nan,0.1848999527283013,nan
bulk,gig,f3,prior,40.0,35.361459088031495,1.5190578312444254,685.3507999912836,931841
bulk,d-optimality,f3,prior,40.0,35.361459088031495,nan,0.27199997566640377,nan
bulk,gig,f3,posterior,1.0,0.8840364772007874,0.15719808057706008,1.2711999588645995,78
bulk,d-optimality,f3,posterior,1.0,0.8840364772007874,nan,0.11899997480213642,nan
bulk,gig,f3,posterior,2.5,2.2100911930019684,0.3167303368786809,1.3569000293500721,91
bulk,d-optimality,f3,posterior,2.5,2.2100911930019684,nan,0.1181000261567533,nan
bulk,gig,f3,posterior,5.0,4.420182386003937,0.496162425325112,1.6855999710969627,112
bulk,d-optimality,f3,posterior,5.0,4.420182386003937,nan,0.11979998089373112,nan
bulk,gig,f3,posterior,10.0,8.840364772007874,0.7245224140073518,2.631200011819601,305
bulk,d-optimality,f3,posterior,10.0,8.840364772007874,nan,0.11820002691820264,nan
bulk,gig,f3,posterior,20.0,17.680729544015747,0.9935023748636231,3.162900044117123,469
bulk,d-optimality,f3,posterior,20.0,17.680729544015747,nan,0.11699995957314968,nan
bulk,gig,f3,posterior,40.0,35.361459088031495,1.2924445208465194,2.2760999854654074,793
bulk,d-optimality,f3,posterior,40.0,35.361459088031495,nan,0.13419997412711382,nan
bulk,gig,f4,prior,1.0,0.8158045775298813,0.4837321814581643,1.6241000266745687,103
bulk,d-optimality,f4,prior,1.0,0.8158045775298813,nan,0.11680001625791192,nan
bulk,gig,f4,prior,2.5,2.0395114438247033,0.7849065798470707,2.6176999672316015,307
bulk,d-optimality,f4,prior,2.5,2.0395114438247033,nan,0.1134999911300838,nan
bulk,gig,f4,prior,5.0,4.079022887649407,1.0568245658012922,3.1074000289663672,475
bulk,d-optimality,f4,prior,5.0,4.079022887649407,nan,0.11510000331327319,nan
bulk,gig,f4,prior,10.0,8.158045775298813,1.3562795618279813,2.2957000182941556,809
bulk,d-optimality,f4,prior,10.0,8.158045775298813,nan,0.11470000026747584,nan
bulk,gig,f4,prior,20.0,16.316091550597626,1.6746511206837655,2.7010999619960785,2957
bulk,d-optimality,f4,prior,20.0,16.316091550597626,nan,0.11960003757849336,nan
bulk,gig,f4,prior,40.0,32.63218310119525,2.00513348433504,3.458400024101138,5637
bulk,d-optimality,f4,prior,40.0,32.63218310119525,nan,0.11770002311095595,nan
bulk,gig,f4,posterior,1.0,0.8158045775298813,0.2565834649855725,1.09779997728765,93
bulk,d-optimality,f4,posterior,1.0,0.8158045775298813,nan,0.08600001456215978,nan
bulk,gig,f4,posterior,2.5,2.0395114438247033,0.4899205443311163,1.3087000115774572,123
bulk,d-optimality,f4,posterior,2.5,2.0395114438247033,nan,0.08560001151636243,nan
bulk,gig,f4,posterior,5.0,4.079022887649407,0.7303726978301697,1.663199975155294,172
bulk,d-optimality,f4,posterior,5.0,4.079022887649407,nan,0.0858000130392611,nan
bulk,gig,f4,posterior,10.0,8.158045775298813,1.0132599794003152,1.8717000493779778,268
bulk,d-optimality,f4,posterior,10.0,8.158045775298813,nan,0.08610001532360911,nan
bulk,gig,f4,posterior,20.0,16.316091550597626,1.324248470603668,2.4114999687299132,461
bulk,d-optimality,f4,posterior,20.0,16.316091550597626,nan,0.08620001608505845,nan
bulk,gig,f4,posterior,40.0,32.63218310119525,1.6518555116070592,1.9715999951586127,1693
bulk,d-optimality,f4,posterior,40.0,32.63218310119525,nan,0.08730002446100116,nan
bulk,gamma,f1,prior,1.0,0.7789875198601173,0.11500248626700882,0.17680000746622682,nan
bulk,gamma,f1,prior,2.5,1.9474687996502933,0.24689907635105857,0.13489997945725918,nan
bulk,gamma,f1,prior,5.0,3.8949375993005866,0.4075030906171307,0.13040000339969993,nan
bulk,gamma,f1,prior,10.0,7.789875198601173,0.6229557665865066,0.1362999901175499,nan
bulk,gamma,f1,prior,20.0,15.579750397202346,0.8846472835145474,0.13639999087899923,nan
bulk,gamma,f1,prior,40.0,31.159500794404693,1.179604557862712,0.14270003885030746,nan
bulk,gamma,f1,posterior,1.0,0.7789875198601173,0.0898180948123036,0.11780002387240529,nan
bulk,gamma,f1,posterior,2.5,1.9474687996502933,0.1983356236318466,0.11439999798312783,nan
bulk,gamma,f1,posterior,5.0,3.8949375993005866,0.3368816225522331,0.11550000635907054,nan
bulk,gamma,f1,posterior,10.0,7.789875198601173,0.5310790722704786,0.12039998546242714,nan
bulk,gamma,f1,posterior,20.0,15.579750397202346,0.7758455160187808,0.1243999577127397,nan
bulk,gamma,f1,posterior,40.0,31.159500794404693,1.0591371866543855,0.13729999773204327,nan
bulk,gamma,f2,prior,1.0,0.606270047333929,0.20898060529335916,0.12420001439750195,nan
bulk,gamma,f2,prior,2.5,1.5156751183348225,0.4078939415385635,0.12100004823878407,nan
bulk,gamma,f2,prior,5.0,3.031350236669645,0.6196734305045976,0.12909999350085855,nan
bulk,gamma,f2,prior,10.0,6.06270047333929,0.8758758163817423,0.1294999965466559,nan
bulk,gamma,f2,prior,20.0,12.12540094667858,1.1645573881602667,0.17309997929260135,nan
bulk,gamma,f2,prior,40.0,24.25080189335716,1.4749109870835093,0.1601999974809587,nan
bulk,gamma,f2,posterior,1.0,0.606270047333929,0.13511089760504033,0.12090004747733474,nan
bulk,gamma,f2,posterior,2.5,1.5156751183348225,0.2823667904048192,0.11560000712051988,nan
bulk,gamma,f2,posterior,5.0,3.031350236669645,0.4545466303573424,0.11849997099488974,nan
bulk,gamma,f2,posterior,10.0,6.06270047333929,0.6780884114320556,0.12420001439750195,nan
bulk,gamma,f2,posterior,20.0,12.12540094667858,0.9432677052648509,0.12909999350085855,nan
bulk,gamma,f2,posterior,40.0,24.25080189335716,1.2380887027937089,0.14259997988119721,nan
bulk,gamma,f3,prior,1.0,0.8840364772007874,0.4814894994018508,0.12699997751042247,nan
bulk,gamma,f3,prior,2.5,2.2100911930019684,0.7948994575035564,0.12939999578520656,nan
bulk,gamma,f3,prior,5.0,4.420182386003937,1.0755895332641368,0.15089998487383127,nan
bulk,gamma,f3,prior,10.0,8.840364772007874,1.3809668939695754,0.14749995898455381,nan
bulk,gamma,f3,prior,20.0,17.680729544015747,1.70213574966813,0.1781000173650682,nan
bulk,gamma,f3,prior,40.0,35.361459088031495,2.0331001726401046,0.2269999822601676,nan
bulk,gamma,f3,posterior,1.0,0.8840364772007874,0.2404400479692138,0.11760002234950662,nan
bulk,gamma,f3,posterior,2.5,2.2100911930019684,0.4649875517912295,0.12589996913447976,nan
bulk,gamma,f3,posterior,5.0,4.420182386003937,0.6997952764604767,0.1259999698959291,nan
bulk,gamma,f3,posterior,10.0,8.840364772007874,0.978642889056014,0.13080000644549727,nan
bulk,gamma,f3,posterior,20.0,17.680729544015747,1.2870546353588321,0.14379998901858926,nan
bulk,gamma,f3,posterior,40.0,35.361459088031495,1.6131317966149477,0.1640000264160335,nan
bulk,gamma,f4,prior,1.0,0.8158045775298813,0.46852938553829254,0.12820004485547543,nan
bulk,gamma,f4,prior,2.5,2.0395114438247033,0.7891800279360908,0.1273000380024314,nan
bulk,gamma,f4,prior,5.0,4.079022887649407,1.0787886371290418,0.13470003614202142,nan
bulk,gamma,f4,prior,10.0,8.158045775298813,1.393596659848824,0.16109994612634182,nan
bulk,gamma,f4,prior,20.0,16.316091550597626,1.7231569544294665,0.1734999823383987,nan
bulk,gamma,f4,prior,40.0,32.63218310119525,2.060842509980175,0.21430000197142363,nan
bulk,gamma,f4,posterior,1.0,0.8158045775298813,0.23985822890674227,0.11960003757849336,nan
bulk,gamma,f4,posterior,2.5,2.0395114438247033,0.465632401618199,0.11859997175633907,nan
bulk,gamma,f4,posterior,5.0,4.079022887649407,0.702251171998336,0.12290000449866056,nan
bulk,gamma,f4,posterior,10.0,8.158045775298813,0.9831377407949029,0.132200017105788,nan
bulk,gamma,f4,posterior,20.0,16.316091550597626,1.2932857790324466,0.14759995974600315,nan
bulk,gamma,f4,posterior,40.0,32.63218310119525,1.6205880423457213,0.17150002531707287,nan
bulk,mixture,f1,prior,1.0,0.7789875198601173,0.11499001964316535,0.5648000515066087,nan
bulk,mixture,f1,prior,2.5,1.9474687996502933,0.24689656162815254,0.6027999916113913,nan
bulk,mixture,f1,prior,5.0,3.8949375993005866,0.4074922227674569,0.714799971319735,nan
bulk,mixture,f1,prior,10.0,7.789875198601173,0.6229566763576637,0.881300016772002,nan
bulk,mixture,f1,prior,20.0,15.579750397202346,0.8846388487348162,1.1675999849103391,nan
bulk,mixture,f1,prior,40.0,31.159500794404693,1.179605613576416,0.958800024818629,nan
bulk,mixture,f1,posterior,1.0,0.7789875198601173,0.08980247366892957,0.49950001994147897,nan
bulk,mixture,f1,posterior,2.5,1.9474687996502933,0.19833243283145052,0.5556999822147191,nan
bulk,mixture,f1,posterior,5.0,3.8949375993005866,0.3368735142363761,0.637599965557456,nan
bulk,mixture,f1,posterior,10.0,7.789875198601173,0.5310753843810485,0.7849999819882214,nan
bulk,mixture,f1,posterior,20.0,15.579750397202346,0.7758385868303705,1.0624999995343387,nan
bulk,mixture,f1,posterior,40.0,31.159500794404693,1.0591401166688956,1.043700031004846,nan
bulk,mixture,f2,prior,1.0,0.606270047333929,0.2571264235500047,0.811500009149313,nan
bulk,mixture,f2,prior,2.5,1.5156751183348225,0.4137748034965647,0.8729000110179186,nan
bulk,mixture,f2,prior,5.0,3.031350236669645,0.5411010533828746,1.0158999939449131,nan
bulk,mixture,f2,prior,10.0,6.06270047333929,0.6850561210143482,1.4205999905243516,nan
bulk,mixture,f2,prior,20.0,12.12540094667858,0.8649612914060953,1.4348000404424965,nan
bulk,mixture,f2,prior,40.0,24.25080189335716,1.0916215127015039,1.6004000208340585,nan
bulk,mixture,f2,posterior,1.0,0.606270047333929,0.07643824944036287,0.7662999560125172,nan
bulk,mixture,f2,posterior,2.5,1.5156751183348225,0.14685906663631842,0.8372999727725983,nan
bulk,mixture,f2,posterior,5.0,3.031350236669645,0.22449452807044556,0.9599000331945717,nan
bulk,mixture,f2,posterior,10.0,6.06270047333929,0.3330191264978506,1.1751000420190394,nan
bulk,mixture,f2,posterior,20.0,12.12540094667858,0.4867528714441234,1.4117000391706824,nan
bulk,mixture,f2,posterior,40.0,24.25080189335716,0.6942787788334455,1.5335000352934003,nan
bulk,mixture,f3,prior,1.0,0.8840364772007874,0.3914032836854713,1.5545000205747783,nan
bulk,mixture,f3,prior,2.5,2.2100911930019684,0.5488836382477056,1.4308999525383115,nan
bulk,mixture,f3,prior,5.0,4.420182386003937,0.707172201063548,1.5496999840252101,nan
bulk,mixture,f3,prior,10.0,8.840364772007874,0.9114897839466414,1.985599985346198,nan
bulk,mixture,f3,prior,20.0,17.680729544015747,1.1626427828457366,2.079300000332296,nan
bulk,mixture,f3,prior,40.0,35.361459088031495,1.451630896166781,2.745300007518381,nan
bulk,mixture,f3,posterior,1.0,0.8840364772007874,0.09370753365043005,0.8815999608486891,nan
bulk,mixture,f3,posterior,2.5,2.2100911930019684,0.19576161491829702,1.0934000019915402,nan
bulk,mixture,f3,posterior,5.0,4.420182386003937,0.32217530049295284,1.3914000010117888,nan
bulk,mixture,f3,posterior,10.0,8.840364772007874,0.5015072601842223,1.5906000044196844,nan
bulk,mixture,f3,posterior,20.0,17.680729544015747,0.7344288348873853,1.7459000227972865,nan
bulk,mixture,f3,posterior,40.0,35.361459088031495,1.0115177280260292,1.923500036355108,nan
bulk,mixture,f4,prior,1.0,0.8158045775298813,0.4685263328820828,0.8185000042431056,nan
bulk,mixture,f4,prior,2.5,2.0395114438247033,0.7891764275881732,1.0602999827824533,nan
bulk,mixture,f4,prior,5.0,4.079022887649407,1.078784748892506,1.026500016450882,nan
bulk,mixture,f4,prior,10.0,8.158045775298813,1.3935926742977598,0.991299981251359,nan
bulk,mixture,f4,prior,20.0,16.316091550597626,1.723152606722191,1.1152999941259623,nan
bulk,mixture,f4,prior,40.0,32.63218310119525,2.0608376561840087,0.9666000260040164,nan
bulk,mixture,f4,posterior,1.0,0.8158045775298813,0.23985822896878073,0.5799999926239252,nan
bulk,mixture,f4,posterior,2.5,2.0395114438247033,0.46563240165290054,0.7120000082068145,nan
bulk,mixture,f4,posterior,5.0,4.079022887649407,0.7022511719177049,0.9094999986700714,nan
bulk,mixture,f4,posterior,10.0,8.158045775298813,0.9831377401647861,1.0420000180602074,nan
bulk,mixture,f4,posterior,20.0,16.316091550597626,1.2932857772965987,0.9952000109478831,nan
bulk,mixture,f4,posterior,40.0,32.63218310119525,1.620588039354112,0.9673000313341618,nan
bulk,compound-gamma,f1,prior,1.0,0.7789875198601173,0.20498799312530214,488.85229998268187,nan
bulk,compound-gamma,f1,prior,2.5,1.9474687996502933,0.33870410329774525,497.66940000699833,nan
bulk,compound-gamma,f1,prior,5.0,3.8949375993005866,0.47772317971157463,497.2742000245489,nan
bulk,compound-gamma,f1,prior,10.0,7.789875198601173,0.6528694949060962,512.4769000103697,nan
bulk,compound-gamma,f1,prior,20.0,15.579750397202346,0.8647392349344705,494.66129997745156,nan
bulk,compound-gamma,f1,prior,40.0,31.159500794404693,1.1112025439541564,494.6117000072263,nan
bulk,compound-gamma,f1,posterior,1.0,0.7789875198601173,0.16938375677525652,4.054100019857287,nan
bulk,compound-gamma,f1,posterior,2.5,1.9474687996502933,0.3324594649461452,5.44500001706183,nan
bulk,compound-gamma,f1,posterior,5.0,3.8949375993005866,0.5105955766046091,7.460799999535084,nan
bulk,compound-gamma,f1,posterior,10.0,7.789875198601173,0.7334353556304372,8.986799977719784,nan
bulk,compound-gamma,f1,posterior,20.0,15.579750397202346,0.9939596706084379,12.375199992675334,nan
bulk,compound-gamma,f1,posterior,40.0,31.159500794404693,1.2836804786807736,15.176900022197515,nan
bulk,compound-gamma,f2,prior,1.0,0.606270047333929,0.22200289162980247,493.38439997518435,nan
bulk,compound-gamma,f2,prior,2.5,1.5156751183348225,0.36534117814124034,490.2727999724448,nan
bulk,compound-gamma,f2,prior,5.0,3.031350236669645,0.5131152686297964,480.7598000043072,nan
bulk,compound-gamma,f2,prior,10.0,6.06270047333929,0.6977238942874091,481.84379999293014,nan
bulk,compound-gamma,f2,prior,20.0,12.12540094667858,0.919036656950905,482.9018000164069,nan
bulk,compound-gamma,f2,prior,40.0,24.25080189335716,1.1741611611482252,499.74190001375973,nan
bulk,compound-gamma,f2,posterior,1.0,0.606270047333929,0.16849061665578924,3.905300050973892,nan
bulk,compound-gamma,f2,posterior,2.5,1.5156751183348225,0.33162315166353684,5.5124000064097345,nan
bulk,compound-gamma,f2,posterior,5.0,3.031350236669645,0.5103667242288545,7.398699992336333,nan
bulk,compound-gamma,f2,posterior,10.0,6.06270047333929,0.7343565335698026,9.103999997023493,nan
bulk,compound-gamma,f2,posterior,20.0,12.12540094667858,0.9963946377079131,12.518799980171025,nan
bulk,compound-gamma,f2,posterior,40.0,24.25080189335716,1.2877112214329816,14.467600034549832,nan
bulk,compound-gamma,f3,prior,1.0,0.8840364772007874,0.31476421706607716,393.1002999888733,nan
bulk,compound-gamma,f3,prior,2.5,2.2100911930019684,0.515752328969854,385.60630002757534,nan
bulk,compound-gamma,f3,prior,5.0,4.420182386003937,0.714498062311721,396.0403999662958,nan
bulk,compound-gamma,f3,prior,10.0,8.840364772007874,0.9518260427946066,389.18669999111444,nan
bulk,compound-gamma,f3,prior,20.0,17.680729544015747,1.222765624698475,400.73520003352314,nan
bulk,compound-gamma,f3,prior,40.0,35.361459088031495,1.5203427184040583,397.2792999702506,nan
bulk,compound-gamma,f3,posterior,1.0,0.8840364772007874,0.15733203728803735,4.436999966856092,nan
bulk,compound-gamma,f3,posterior,2.5,2.2100911930019684,0.31696067412099826,5.991899990476668,nan
bulk,compound-gamma,f3,posterior,5.0,4.420182386003937,0.49647077543528884,8.961000014096498,nan
bulk,compound-gamma,f3,posterior,10.0,8.840364772007874,0.7248990394461106,9.487000002991408,nan
bulk,compound-gamma,f3,posterior,20.0,17.680729544015747,0.9939231309513756,10.861299990210682,nan
bulk,compound-gamma,f3,posterior,40.0,35.361459088031495,1.2929087290565313,14.834899979177862,nan
bulk,compound-gamma,f4,prior,1.0,0.8158045775298813,0.5020808935046392,35.15710000647232,nan
bulk,compound-gamma,f4,prior,2.5,2.0395114438247033,0.797986270076751,44.48550002416596,nan
bulk,compound-gamma,f4,prior,5.0,4.079022887649407,1.0682327389783692,58.56149998726323,nan
bulk,compound-gamma,f4,prior,10.0,8.158045775298813,1.3681631604319278,83.09309999458492,nan
bulk,compound-gamma,f4,prior,20.0,16.316091550597626,1.6881011714122152,114.49990002438426,nan
bulk,compound-gamma,f4,prior,40.0,32.63218310119525,2.0202118431620564,149.34040000662208,nan
bulk,compound-gamma,f4,posterior,1.0,0.8158045775298813,0.2421300993818254,6.033299956470728,nan
bulk,compound-gamma,f4,posterior,2.5,2.0395114438247033,0.46622721386285404,8.103700005449355,nan
bulk,compound-gamma,f4,posterior,5.0,4.079022887649407,0.7001897132582036,13.901700032874942,nan
bulk,compound-gamma,f4,posterior,10.0,8.158045775298813,0.97825721434354,17.26509997388348,nan
bulk,compound-gamma,f4,posterior,20.0,16.316091550597626,1.2862098789399004,20.828999986406416,nan
bulk,compound-gamma,f4,posterior,40.0,32.63218310119525,1.6121034045414975,25.75050003360957,nan
bulk,skew-normal-pen,f1,prior,1.0,0.7789875198601173,0.12601905227196908,30.277099984232336,nan
bulk,skew-normal-pen,f1,prior,2.5,1.9474687996502933,0.25083344181654144,33.74069998972118,nan
bulk,skew-normal-pen,f1,prior,5.0,3.8949375993005866,0.39417986004424366,51.16710002766922,nan
bulk,skew-normal-pen,f1,prior,10.0,7.789875198601173,0.5833665431405897,66.04180001886562,nan
bulk,skew-normal-pen,f1,prior,20.0,15.579750397202346,0.8160508311586225,69.7548000025563,nan
bulk,skew-normal-pen,f1,prior,40.0,31.159500794404693,1.0856636706756388,71.91539998166263,nan
bulk,skew-normal-pen,f1,posterior,1.0,0.7789875198601173,0.07432733806470332,10.020199988503009,nan
bulk,skew-normal-pen,f1,posterior,2.5,1.9474687996502933,0.16270076725471738,15.270699979737401,nan
bulk,skew-normal-pen,f1,posterior,5.0,3.8949375993005866,0.27558946351442204,26.71780000673607,nan
bulk,skew-normal-pen,f1,posterior,10.0,7.789875198601173,0.4366636965252211,40.9372000140138,nan
bulk,skew-normal-pen,f1,posterior,20.0,15.579750397202346,0.6466435650429405,48.21440001251176,nan
bulk,skew-normal-pen,f1,posterior,40.0,31.159500794404693,0.8998761442254213,62.50600004568696,nan
bulk,skew-normal-pen,f2,prior,1.0,0.606270047333929,0.1908316937471164,44.18299999088049,nan
bulk,skew-normal-pen,f2,prior,2.5,1.5156751183348225,0.3365271266396468,48.427100002299994,nan
bulk,skew-normal-pen,f2,prior,5.0,3.031350236669645,0.48886671357950595,52.00560000957921,nan
bulk,skew-normal-pen,f2,prior,10.0,6.06270047333929,0.6791878026847793,71.41719997162,nan
bulk,skew-normal-pen,f2,prior,20.0,12.12540094667858,0.9060926316613773,87.04730001045391,nan
bulk,skew-normal-pen,f2,prior,40.0,24.25080189335716,1.1659478275652755,94.32299999753013,nan
bulk,skew-normal-pen,f2,posterior,1.0,0.606270047333929,0.07840916012497146,8.682599989697337,nan
bulk,skew-normal-pen,f2,posterior,2.5,1.5156751183348225,0.16731889006049583,11.010400019586086,nan
bulk,skew-normal-pen,f2,posterior,5.0,3.031350236669645,0.27709184397117825,17.37340004183352,nan
bulk,skew-normal-pen,f2,posterior,10.0,6.06270047333929,0.43002868334324673,27.905800030566752,nan
bulk,skew-normal-pen,f2,posterior,20.0,12.12540094667858,0.62705456528824,52.54400003468618,nan
bulk,skew-normal-pen,f2,posterior,40.0,24.25080189335716,0.8648617065193469,57.33499996131286,nan
bulk,skew-normal-pen,f3,prior,1.0,0.8840364772007874,0.3104700447919133,44.43519999040291,nan
bulk,skew-normal-pen,f3,prior,2.5,2.2100911930019684,0.5217418921593269,57.11260001407936,nan
bulk,skew-normal-pen,f3,prior,5.0,4.420182386003937,0.729135862040339,72.62230000924319,nan
bulk,skew-normal-pen,f3,prior,10.0,8.840364772007874,0.9744640643200282,74.49120003730059,nan
bulk,skew-normal-pen,f3,prior,20.0,17.680729544015747,1.2520625068896374,82.38239999627694,nan
bulk,skew-normal-pen,f3,prior,40.0,35.361459088031495,1.5548463618968755,112.13929997757077,nan
bulk,skew-normal-pen,f3,posterior,1.0,0.8840364772007874,0.16632256823011682,8.808199956547469,nan
bulk,skew-normal-pen,f3,posterior,2.5,2.2100911930019684,0.3333404848338808,15.848899958655238,nan
bulk,skew-normal-pen,f3,posterior,5.0,4.420182386003937,0.519418595468232,33.77970005385578,nan
bulk,skew-normal-pen,f3,posterior,10.0,8.840364772007874,0.7540960932052183,57.0894000120461,nan
bulk,skew-normal-pen,f3,posterior,20.0,17.680729544015747,1.0282700520783536,53.33510000491515,nan
bulk,skew-normal-pen,f3,posterior,40.0,35.361459088031495,1.3310346073550514,57.62539996067062,nan
bulk,skew-normal-pen,f4,prior,1.0,0.8158045775298813,0.4820637623518178,54.578800045419484,nan
bulk,skew-normal-pen,f4,prior,2.5,2.0395114438247033,0.7829523307940929,63.04350000573322,nan
bulk,skew-normal-pen,f4,prior,5.0,4.079022887649407,1.0568714664744903,69.5310999872163,nan
bulk,skew-normal-pen,f4,prior,10.0,8.158045775298813,1.3593450126932094,72.71259999834001,nan
bulk,skew-normal-pen,f4,prior,20.0,16.316091550597626,1.6807263448272423,79.28289996925741,nan
bulk,skew-normal-pen,f4,prior,40.0,32.63218310119525,2.0135682415720533,92.63599995756522,nan
bulk,skew-normal-pen,f4,posterior,1.0,0.8158045775298813,0.24496457318067755,15.130699961446226,nan
bulk,skew-normal-pen,f4,posterior,2.5,2.0395114438247033,0.4715395368483999,26.761299988720566,nan
bulk,skew-normal-pen,f4,posterior,5.0,4.079022887649407,0.7075865980048008,42.728599975816905,nan
bulk,skew-normal-pen,f4,posterior,10.0,8.158045775298813,0.9873866821284487,56.71909998636693,nan
bulk,skew-normal-pen,f4,posterior,20.0,16.316091550597626,1.2965366257111324,55.372499977238476,nan
bulk,skew-normal-pen,f4,posterior,40.0,32.63218310119525,1.623177847371597,55.54779997328296,nan
bulk,gig-nmc,f1,prior,1.0,0.7789875198601173,0.1572882875937981,15.629899979103357,nan
bulk,gig-nmc,f1,prior,2.5,1.9474687996502933,0.28030547789177374,14.839200011920184,nan
bulk,gig-nmc,f1,prior,5.0,3.8949375993005866,0.4182969129445689,15.135599998757243,nan
bulk,gig-nmc,f1,prior,10.0,7.789875198601173,0.5771629742433655,15.609199996106327,nan
bulk,gig-nmc,f1,prior,20.0,15.579750397202346,0.7794157423526787,15.00120002310723,nan
bulk,gig-nmc,f1,prior,40.0,31.159500794404693,1.096657714080247,17.037799989338964,nan
bulk,gig-nmc,f1,posterior,1.0,0.7789875198601173,0.0660231692371571,14.955100021325052,nan
bulk,gig-nmc,f1,posterior,2.5,1.9474687996502933,0.15457053100578147,14.98360000550747,nan
bulk,gig-nmc,f1,posterior,5.0,3.8949375993005866,0.27042716712817677,14.755000011064112,nan
bulk,gig-nmc,f1,posterior,10.0,7.789875198601173,0.3583016243406358,14.9418999790214,nan
bulk,gig-nmc,f1,posterior,20.0,15.579750397202346,0.6024600014934014,15.254199970513582,nan
bulk,gig-nmc,f1,posterior,40.0,31.159500794404693,0.8495649486536192,16.834999958518893,nan
bulk,gig-nmc,f2,prior,1.0,0.606270047333929,0.18623616795871478,15.0042999885045,nan
bulk,gig-nmc,f2,prior,2.5,1.5156751183348225,0.3753584506579189,15.113100002054125,nan
bulk,gig-nmc,f2,prior,5.0,3.031350236669645,0.443236814183467,14.715800003614277,nan
bulk,gig-nmc,f2,prior,10.0,6.06270047333929,0.728028812745895,14.975800004322082,nan
bulk,gig-nmc,f2,prior,20.0,12.12540094667858,0.9348764343834928,15.33750002272427,nan
bulk,gig-nmc,f2,prior,40.0,24.25080189335716,2.797850639255067,15.29309997567907,nan
bulk,gig-nmc,f2,posterior,1.0,0.606270047333929,0.08246416377548169,15.380299999378622,nan
bulk,gig-nmc,f2,posterior,2.5,1.5156751183348225,0.18293989896763288,15.439400041941553,nan
bulk,gig-nmc,f2,posterior,5.0,3.031350236669645,0.2790292468684963,16.263300029095262,nan
bulk,gig-nmc,f2,posterior,10.0,6.06270047333929,0.4035208446843051,15.463799994904548,nan
bulk,gig-nmc,f2,posterior,20.0,12.12540094667858,0.6110877936386787,16.428400005679578,nan
bulk,gig-nmc,f2,posterior,40.0,24.25080189335716,0.898854213289732,16.042299976106733,nan
bulk,gig-nmc,f3,prior,1.0,0.8840364772007874,0.3079878963541478,15.274199948180467,nan
bulk,gig-nmc,f3,prior,2.5,2.2100911930019684,0.6051853927684124,15.11550002032891,nan
bulk,gig-nmc,f3,prior,5.0,4.420182386003937,0.6921026231604163,14.792600006330758,nan
bulk,gig-nmc,f3,prior,10.0,8.840364772007874,1.193176546163451,15.462799987290055,nan
bulk,gig-nmc,f3,prior,20.0,17.680729544015747,1.2100846997903165,15.621799975633621,nan
bulk,gig-nmc,f3,prior,40.0,35.361459088031495,1.8208847459335906,15.557700011413544,nan
bulk,gig-nmc,f3,posterior,1.0,0.8840364772007874,0.1373334369736109,15.01610002014786,nan
bulk,gig-nmc,f3,posterior,2.5,2.2100911930019684,0.30289341228518935,15.259300009347498,nan
bulk,gig-nmc,f3,posterior,5.0,4.420182386003937,0.5152128468982895,14.838599949143827,nan
bulk,gig-nmc,f3,posterior,10.0,8.840364772007874,0.7582490840230333,14.765300031285733,nan
bulk,gig-nmc,f3,posterior,20.0,17.680729544015747,0.9927510783299969,14.58189997356385,nan
bulk,gig-nmc,f3,posterior,40.0,35.361459088031495,1.3070012029194245,14.612900034990162,nan
bulk,gig-nmc,f4,prior,1.0,0.8158045775298813,0.5032198433581334,16.476000018883497,nan
bulk,gig-nmc,f4,prior,2.5,2.0395114438247033,0.7781191093043311,14.980800042394549,nan
bulk,gig-nmc,f4,prior,5.0,4.079022887649407,1.1079799956706782,14.776500000152737,nan
bulk,gig-nmc,f4,prior,10.0,8.158045775298813,1.4151393763917073,15.17759996932,nan
bulk,gig-nmc,f4,prior,20.0,16.316091550597626,1.7412169340867998,15.625800006091595,nan
bulk,gig-nmc,f4,prior,40.0,32.63218310119525,2.0242307389202185,20.162800035905093,nan
bulk,gig-nmc,f4,posterior,1.0,0.8158045775298813,0.2658834073050922,15.8233999973163,nan
bulk,gig-nmc,f4,posterior,2.5,2.0395114438247033,0.5382243023693418,14.99090000288561,nan
bulk,gig-nmc,f4,posterior,5.0,4.079022887649407,0.7459605345580366,14.835999987553805,nan
bulk,gig-nmc,f4,posterior,10.0,8.158045775298813,1.0052102423681764,15.039999969303608,nan
bulk,gig-nmc,f4,posterior,20.0,16.316091550597626,1.3724385848502145,15.110100037418306,nan
bulk,gig-nmc,f4,posterior,40.0,32.63218310119525,1.6212173548736428,14.858299982734025,nan
bulk,gig-pce,f1,prior,1.0,0.7789875198601173,0.15603571927586837,18.3495000237599,nan
bulk,gig-pce,f1,prior,2.5,1.9474687996502933,0.2790497374228833,16.34219998959452,nan
bulk,gig-pce,f1,prior,5.0,3.8949375993005866,0.4153125916304683,16.092300007585436,nan
bulk,gig-pce,f1,prior,10.0,7.789875198601173,0.570356811811128,17.339899961370975,nan
bulk,gig-pce,f1,prior,20.0,15.579750397202346,0.771074502503633,15.908700006548315,nan
bulk,gig-pce,f1,prior,40.0,31.159500794404693,1.0828453538693943,16.34970004670322,nan
bulk,gig-pce,f1,posterior,1.0,0.7789875198601173,0.06514870941047733,15.887900022789836,nan
bulk,gig-pce,f1,posterior,2.5,1.9474687996502933,0.15353565215371123,16.077900014352053,nan
bulk,gig-pce,f1,posterior,5.0,3.8949375993005866,0.269378729501667,17.375299998093396,nan
bulk,gig-pce,f1,posterior,10.0,7.789875198601173,0.35677657830452897,16.47969998884946,nan
bulk,gig-pce,f1,posterior,20.0,15.579750397202346,0.5995946986601964,16.353400016669184,nan
bulk,gig-pce,f1,posterior,40.0,31.159500794404693,0.8021688705199649,16.781000012997538,nan
bulk,gig-pce,f2,prior,1.0,0.606270047333929,0.18351290137063547,18.563699966762215,nan
bulk,gig-pce,f2,prior,2.5,1.5156751183348225,0.3705885688958423,16.766799963079393,nan
bulk,gig-pce,f2,prior,5.0,3.031350236669645,0.4378162243995361,16.277500020805746,nan
bulk,gig-pce,f2,prior,10.0,6.06270047333929,0.7192100284888167,16.51400001719594,nan
bulk,gig-pce,f2,prior,20.0,12.12540094667858,0.911077492169896,16.579399991314858,nan
bulk,gig-pce,f2,prior,40.0,24.25080189335716,1.1302308619147676,17.47409999370575,nan
bulk,gig-pce,f2,posterior,1.0,0.606270047333929,0.0821070175021603,17.672000045422465,nan
bulk,gig-pce,f2,posterior,2.5,1.5156751183348225,0.18121281380396528,16.237300005741417,nan
bulk,gig-pce,f2,posterior,5.0,3.031350236669645,0.2776423783042589,16.216899966821074,nan
bulk,gig-pce,f2,posterior,10.0,6.06270047333929,0.4009595106300236,16.550200001802295,nan
bulk,gig-pce,f2,posterior,20.0,12.12540094667858,0.6083026405142863,16.29790000151843,nan
bulk,gig-pce,f2,posterior,40.0,24.25080189335716,0.8939285989853217,16.212199989240617,nan
bulk,gig-pce,f3,prior,1.0,0.8840364772007874,0.27941018184175964,16.73299999674782,nan
bulk,gig-pce,f3,prior,2.5,2.2100911930019684,0.5911756600925478,17.458099988289177,nan
bulk,gig-pce,f3,prior,5.0,4.420182386003937,0.6800603696988992,17.120799981057644,nan
bulk,gig-pce,f3,prior,10.0,8.840364772007874,0.9420115721649113,17.364200029987842,nan
bulk,gig-pce,f3,prior,20.0,17.680729544015747,1.1830384698820258,16.671799996402115,nan
bulk,gig-pce,f3,prior,40.0,35.361459088031495,1.5619621919998519,17.90370000526309,nan
bulk,gig-pce,f3,posterior,1.0,0.8840364772007874,0.13688185205306547,16.17900002747774,nan
bulk,gig-pce,f3,posterior,2.5,2.2100911930019684,0.3019177396965221,16.27690001623705,nan
bulk,gig-pce,f3,posterior,5.0,4.420182386003937,0.5116946393260159,16.592099971603602,nan
bulk,gig-pce,f3,posterior,10.0,8.840364772007874,0.7534409288261276,16.077700012829155,nan
bulk,gig-pce,f3,posterior,20.0,17.680729544015747,0.9877382970540864,16.43410004908219,nan
bulk,gig-pce,f3,posterior,40.0,35.361459088031495,1.2967584632021494,16.320199996698648,nan
bulk,gig-pce,f4,prior,1.0,0.8158045775298813,0.500088045038169,16.105999995488673,nan
bulk,gig-pce,f4,prior,2.5,2.0395114438247033,0.7659916236924217,17.458899994380772,nan
bulk,gig-pce,f4,prior,5.0,4.079022887649407,1.0992501929901328,16.43259997945279,nan
bulk,gig-pce,f4,prior,10.0,8.158045775298813,1.4036339033246064,19.430399988777936,nan
bulk,gig-pce,f4,prior,20.0,16.316091550597626,1.7074600343593704,19.802500028163195,nan
bulk,gig-pce,f4,prior,40.0,32.63218310119525,1.9886089909334004,18.495999975129962,nan
bulk,gig-pce,f4,posterior,1.0,0.8158045775298813,0.2649647275330776,19.233400002121925,nan
bulk,gig-pce,f4,posterior,2.5,2.0395114438247033,0.5365045799092151,17.50090002315119,nan
bulk,gig-pce,f4,posterior,5.0,4.079022887649407,0.7429272106984023,17.7661000052467,nan
bulk,gig-pce,f4,posterior,10.0,8.158045775298813,1.0002227146266056,18.04450002964586,nan
bulk,gig-pce,f4,posterior,20.0,16.316091550597626,1.364561605087134,18.29490001546219,nan
bulk,gig-pce,f4,posterior,40.0,32.63218310119525,1.6060934107305365,18.13009998295456,nan
